Features	HET	Null	WT	Overall
Cells_Texture_InfoMeas1_DAPI_3_03_256	2.7734115441527236	1.0816183573364817	0.31205362252109303	1.389027841336766
Cytoplasm_Texture_InfoMeas1_DAPI_3_02_256	2.537414763765463	0.5666023329781991	0.5015597846078624	1.201858960450508
Cytoplasm_Texture_InfoMeas1_DAPI_3_00_256	2.069258603929954	0.6433664001729353	0.4023198405178588	1.038314948206916
Cells_Texture_Entropy_DAPI_3_02_256	1.2275323183918625	0.9842729486346284	1.139218036563413	1.1170077678633012
Cytoplasm_Intensity_MeanIntensityEdge_DAPI	1.2031768431725185	1.087131132931492	0.22788142822429458	0.839396468109435
Cells_Texture_SumVariance_DAPI_3_01_256	1.1630567290727394	0.8302428065970089	0.17921359512416848	0.7241710435979724
Cytoplasm_Texture_InfoMeas2_DAPI_3_03_256	1.119373777813411	0.6667972057006816	0.7781855958418032	0.8547855264519653
Cells_Texture_AngularSecondMoment_DAPI_3_01_256	0.93893681127202	1.2610923267274254	0.12391978722190325	0.7746496417404495
Cells_Texture_SumAverage_DAPI_3_02_256	0.8692401638064582	0.8345202986166923	0.45128529708914955	0.7183485865041
Cytoplasm_Correlation_Correlation_CY5_DAPI	0.8016148342970607	0.30328886312500286	0.06658551041562241	0.39049640261256197
Cells_Intensity_MeanIntensityEdge_DAPI	0.7945733589960321	0.3250740074270472	0.44454696251189907	0.5213981096449928
Cells_AreaShape_Solidity	0.7491588704726088	0.20966300453147474	0.6922674869492295	0.5503631206511043
Nuclei_Intensity_LowerQuartileIntensity_DAPI	0.698209484536324	0.3329187780389749	0.32573507854434575	0.4522877803732149
Nuclei_AreaShape_MajorAxisLength	0.6261643656494625	0.16592126742167818	0.11739139357073398	0.3031590088806249
Cells_Intensity_UpperQuartileIntensity_DAPI	0.6225905165935477	0.02484836606680134	0.189331030965467	0.27892330454193864
Cells_AreaShape_FormFactor	0.5833472790860155	0.33462529688488624	0.6054645826537315	0.507812386208211
Cells_Correlation_RWC_DAPI_RFP	0.5698081325166426	0.28021831506351574	0.09035525809497041	0.3134605685583763
Nuclei_Correlation_K_GFP_DAPI	0.5512279314175316	0.35587196477140876	0.20565811607996515	0.37091933742296845
Nuclei_Correlation_RWC_RFP_GFP	0.5249283646026704	0.06777521649952883	0.1924077247411704	0.26170376861445654
Cytoplasm_Texture_DifferenceEntropy_GFP_3_02_256	0.5178285413095283	0.48981812238482486	0.8233130047239362	0.610319889472763
Cells_Texture_InfoMeas2_DAPI_3_00_256	0.5170491821369653	0.7733254602481097	0.12132838268370173	0.4705676750229255
Cytoplasm_Correlation_K_RFP_DAPI	0.5169587646344576	0.037499631174443715	0.5111589741601114	0.35520578998967095
Cytoplasm_Intensity_StdIntensityEdge_DAPI	0.4935115935994661	0.8233355022964451	0.03683753166798374	0.45122820918796497
Cytoplasm_Texture_Correlation_DAPI_3_03_256	0.45375242449232334	0.0901797262096606	0.546326277253345	0.36341947598510965
Cytoplasm_Correlation_Costes_DAPI_RFP	0.45065629541586033	0.09238336773524018	0.4272676439662297	0.3234357690391101
Nuclei_AreaShape_MinFeretDiameter	0.4482401430153642	0.2871188674010557	0.1187854151559352	0.28471480852411835
Cytoplasm_Texture_Correlation_DAPI_3_01_256	0.44803305572770363	0.05455118241001991	0.6594952950783934	0.3873598444053723
Cytoplasm_Correlation_RWC_DAPI_CY5	0.43535736905213385	0.0715214306671021	0.040413407001315356	0.1824307355735171
Cells_AreaShape_Zernike_2_0	0.43308751716944593	0.39424536381604425	0.14012998539670785	0.32248762212739934
Cells_Granularity_1_DAPI	0.43150002188687586	0.23320245019482694	0.49340661524604745	0.3860363624425834
Nuclei_Intensity_StdIntensityEdge_CY5	0.42443382901638316	0.3095732054332692	0.12629721568731836	0.28676808337899024
Cytoplasm_Texture_InfoMeas1_GFP_3_00_256	0.40744141865397243	0.0749636048263698	0.1148535516370945	0.19908619170581224
Cells_Correlation_Correlation_CY5_DAPI	0.3937169430420067	1.2812246806850751	0.6862161670702969	0.7870525969324595
Cytoplasm_Correlation_K_DAPI_RFP	0.3912811842538876	0.43483581685089145	0.08746058745269303	0.30452586285249067
Cytoplasm_AreaShape_Compactness	0.3855850301802982	0.2585192793604813	0.09945572364069016	0.2478533443938232
Cytoplasm_Intensity_UpperQuartileIntensity_DAPI	0.37359470933590605	0.03495735539085501	0.39229347120438374	0.2669485119770483
Cells_Intensity_MaxIntensity_GFP	0.3719959139515623	0.0859368638234699	0.2651386126699383	0.24102379681499017
Cells_Texture_Correlation_DAPI_3_03_256	0.3618698957282422	0.04638841523485927	0.2290045701250509	0.21242096036271743
Cytoplasm_Intensity_IntegratedIntensityEdge_CY5	0.3501392693045773	0.11100344453240645	0.16518805690258567	0.20877692357985647
Cytoplasm_Correlation_RWC_GFP_DAPI	0.3438753418263683	0.020637701648212808	0.3393222743911915	0.2346117726219242
Cytoplasm_AreaShape_Zernike_2_0	0.34263942778559137	0.41094448103498404	0.025074042034254278	0.2595526502849432
Nuclei_Correlation_RWC_GFP_DAPI	0.3415290870857399	0.03667336523692002	0.19228053056679423	0.19016099429648473
Cytoplasm_Granularity_1_DAPI	0.3371914739427088	0.1185291575636835	0.4746457949241317	0.31012214214350803
Cells_Correlation_Overlap_CY5_GFP	0.33713708523111324	0.11631709429604158	0.0380705390243173	0.1638415728504907
Cytoplasm_Texture_InverseDifferenceMoment_GFP_3_02_256	0.3346079033833878	0.5552765261282956	0.8613435885059774	0.5837426726725536
Cytoplasm_Texture_DifferenceEntropy_GFP_3_00_256	0.3341026787093075	0.3711308777359208	0.47017332536120926	0.3918022939354792
Cytoplasm_Texture_SumAverage_DAPI_3_01_256	0.33013551659044954	0.18058201710913743	0.15867154567401362	0.22312969312453354
Nuclei_AreaShape_Zernike_4_4	0.32795145056066144	0.1758835999429434	0.03605138269621836	0.17996214439994107
Cytoplasm_Texture_InverseDifferenceMoment_RFP_3_01_256	0.32670109654592333	0.18679261924805746	0.04735289046729329	0.18694886875375802
Cells_RadialDistribution_FracAtD_GFP_2of4	0.3241996761125648	0.32326465429525175	0.05596708933839684	0.23447713991540445
Cytoplasm_Texture_Correlation_DAPI_3_02_256	0.3189280930263693	0.1462668673575791	0.11569797631257242	0.1936309788988403
Nuclei_Texture_InfoMeas1_RFP_3_00_256	0.31659856061425956	0.34314304860369466	0.054417386476256054	0.23805299856473675
Cytoplasm_AreaShape_FormFactor	0.3149514116214199	0.3989926095087036	1.013992758699068	0.5759789266097305
Cytoplasm_Intensity_MassDisplacement_DAPI	0.3144983069519463	0.24235650002787681	0.007403379873783606	0.1880860622845356
Cells_RadialDistribution_MeanFrac_RFP_4of4	0.31376487885576143	0.12719252829008187	0.08376618837495353	0.17490786517359894
Cells_Texture_Correlation_DAPI_3_00_256	0.31272991154315855	0.05725124859461934	0.2938770103695461	0.22128605683577465
Cytoplasm_AreaShape_Solidity	0.3084964639664725	0.24940104889172907	0.6070418107830894	0.38831310788043033
Cells_Correlation_Correlation_DAPI_RFP	0.3067299990383727	0.11620167324731025	0.25154112755700303	0.2248242666142287
Cells_Correlation_Overlap_DAPI_RFP	0.30548396104332826	0.12174152196805604	0.11215493691253384	0.1797934733079727
Cytoplasm_Correlation_Overlap_DAPI_RFP	0.30422416727508966	0.1346041367612016	0.044762165679116846	0.16119682323846937
Nuclei_Intensity_MaxIntensity_RFP	0.300782363883938	0.24313103122051566	0.2272014173781968	0.25703827082755015
Nuclei_Intensity_MinIntensity_DAPI	0.29663373409435834	0.12052146960558838	0.46887272716012934	0.2953426436200253
Cytoplasm_RadialDistribution_MeanFrac_GFP_4of4	0.2906899317646554	0.2691342338647694	0.11218940928757706	0.22400452497233395
Nuclei_Intensity_MeanIntensityEdge_GFP	0.28819932309945356	0.5962360317626941	0.36066326456552433	0.4150328731425574
Cells_Intensity_IntegratedIntensityEdge_GFP	0.28617948422610695	0.020428276841688346	0.13712533806008328	0.1479110330426262
Cytoplasm_RadialDistribution_MeanFrac_DAPI_4of4	0.2840848683719683	0.011064861793833567	0.18126114827991568	0.15880362614857252
Nuclei_Correlation_K_RFP_DAPI	0.2833738322832597	0.020252440708667545	0.18528575487563348	0.16297067595585357
Cells_Texture_Correlation_DAPI_3_02_256	0.2819360461921655	0.06830466703093613	0.251352662895061	0.2005311253727209
Cells_Texture_InverseDifferenceMoment_DAPI_3_02_256	0.2808583125134654	0.14586666109061144	0.08499612372313495	0.17057369910907058
Cells_Correlation_RWC_CY5_DAPI	0.27972376636972024	0.1913410653238396	0.0002459130087079897	0.1571035815674226
Nuclei_Correlation_K_GFP_RFP	0.27218420231845	0.07263206463923903	0.28599753440882664	0.2102712671221719
Cytoplasm_RadialDistribution_MeanFrac_DAPI_3of4	0.2718844545389553	0.1313914131622615	0.29191689168021234	0.2317309197938097
Nuclei_Correlation_Overlap_CY5_RFP	0.2633693256283935	0.1320212129577127	0.054263590973196656	0.14988470985310096
Nuclei_Correlation_Correlation_CY5_GFP	0.26239449511135615	0.039107942307154094	0.07470973994040571	0.12540405911963864
Nuclei_Intensity_IntegratedIntensity_DAPI	0.2568231995839042	0.24941580095195054	0.5173248123829073	0.3411879376395874
Nuclei_Correlation_RWC_GFP_CY5	0.2558361588432899	0.17289350016208727	0.22378483806155178	0.217504832355643
Cells_Texture_InfoMeas1_RFP_3_00_256	0.2551239423765714	0.05047985994560785	0.1826582170000381	0.1627540064407391
Nuclei_Intensity_MADIntensity_CY5	0.2531885296668478	0.07257570403936361	0.016364944009052848	0.11404305923842144
Nuclei_Texture_Correlation_RFP_3_02_256	0.25270438014747965	0.013985421268920311	0.25956264873743645	0.17541748338461213
Cells_RadialDistribution_FracAtD_RFP_1of4	0.2521966003896956	0.13767963122483864	0.02380897956887501	0.13789507039446974
Cytoplasm_Correlation_RWC_RFP_GFP	0.2488618821484133	0.4599155173345197	0.3196093014844365	0.34279556698912317
Nuclei_Correlation_K_RFP_GFP	0.24773781325021826	0.03557927924270861	0.21662827161838838	0.16664845470377174
Nuclei_Texture_Correlation_RFP_3_00_256	0.24746540226783545	0.13184184939692783	0.23511475131978155	0.20480733432818163
Nuclei_Texture_Contrast_DAPI_3_00_256	0.24679514299884395	0.001460861113158816	0.038910362622477615	0.09572212224482679
Nuclei_Correlation_RWC_DAPI_RFP	0.244129263781624	0.16899821947743154	0.06379378013786348	0.1589737544656397
Cytoplasm_Intensity_MeanIntensityEdge_CY5	0.2424922767784019	0.09390912593303728	0.2979177277446333	0.21143971015202415
Nuclei_Texture_SumEntropy_RFP_3_00_256	0.2415035394216298	0.020186098815880262	0.28851790542796535	0.18340251455515846
Cells_Correlation_K_GFP_DAPI	0.23580138988464686	0.06751823290089988	0.2042819829350399	0.16920053524019554
Nuclei_Intensity_IntegratedIntensity_GFP	0.23126518459113488	0.2284143523851328	0.29096886445476533	0.25021613381034435
Cells_Correlation_Costes_DAPI_RFP	0.23125837463309015	0.22355665276212858	0.5882648416076598	0.3476932896676262
Cells_Intensity_StdIntensityEdge_DAPI	0.22743142392455937	0.11582696431622602	0.02202871005736304	0.1217623660993828
Nuclei_Intensity_IntegratedIntensityEdge_RFP	0.22247743658935112	0.2823826193671405	0.30767270024797394	0.27084425206815516
Cytoplasm_Correlation_RWC_GFP_RFP	0.22245393769636743	0.09794687966707528	0.08196746161503494	0.13412275965949255
Nuclei_RadialDistribution_RadialCV_GFP_4of4	0.22061712634170988	0.05810317245262977	0.1240537492616441	0.13425801601866125
Cells_Texture_Correlation_RFP_3_02_256	0.21646732052451706	0.08720068227456525	0.0006826709973474427	0.10145022459880991
Nuclei_RadialDistribution_MeanFrac_CY5_4of4	0.21576268629286036	0.28998138226867537	0.10191423670504256	0.20255276842219275
Cytoplasm_Intensity_MassDisplacement_RFP	0.21315039467293848	0.2879571734701503	0.20166152192699371	0.23425636335669417
Nuclei_Texture_InfoMeas2_GFP_3_00_256	0.2129555281188906	0.2456427265811735	0.3413636666867927	0.2666539737956189
Nuclei_RadialDistribution_MeanFrac_DAPI_2of4	0.21115310149552638	0.1002309233960746	0.007591078350407557	0.10632503441400286
Cytoplasm_Texture_Contrast_RFP_3_00_256	0.20886839809121585	0.1065824143857447	0.029280666446489335	0.1149104929744833
Nuclei_Correlation_RWC_DAPI_GFP	0.20871332223260536	0.1834161817552558	0.276107445029812	0.22274564967255772
Cytoplasm_RadialDistribution_RadialCV_DAPI_2of4	0.2075320992802906	0.17357624022188167	0.004864479817083979	0.12865760643975208
Cells_Intensity_MaxIntensityEdge_DAPI	0.20720497934597654	0.059809895398442614	0.011104721201698616	0.09270653198203926
Cytoplasm_Texture_InfoMeas2_DAPI_3_01_256	0.20640696920010893	0.40262662604793026	0.2239123032762411	0.27764863284142677
Nuclei_Intensity_StdIntensityEdge_RFP	0.20613173245907315	0.28124890363053734	0.11370051176525263	0.2003603826182877
Nuclei_Granularity_1_DAPI	0.2047018068103922	0.18069819572641643	0.24481915776249774	0.21007305343310212
Cytoplasm_Correlation_K_GFP_DAPI	0.20064890202523805	0.20740870399880912	0.15512335558779958	0.1877269872039489
Nuclei_Texture_InfoMeas2_RFP_3_02_256	0.20051698311199387	0.15420241134653656	0.20182454117815377	0.18551464521222805
Nuclei_Intensity_IntegratedIntensity_RFP	0.19763612785931248	0.22531782814016582	0.3889696848443934	0.2706412136146239
Cytoplasm_AreaShape_MeanRadius	0.1965700843094389	0.6602775157492103	0.5625493490723156	0.47313231637698827
Cells_Texture_Correlation_DAPI_3_01_256	0.19463382572610038	0.033223126191387654	0.19058590478549042	0.13948095223432613
Nuclei_Texture_InverseDifferenceMoment_RFP_3_03_256	0.18944723296231056	0.013185845762363292	0.10386433219167138	0.10216580363878174
Nuclei_RadialDistribution_MeanFrac_GFP_3of4	0.1894442590149049	0.07286509354773248	0.019433097771425926	0.09391415011135444
Nuclei_Intensity_MaxIntensity_DAPI	0.18881468016447472	0.09510254267921948	0.032562580061780734	0.10549326763515832
Cells_Texture_InfoMeas2_RFP_3_03_256	0.1887235396962363	0.003225491294578107	0.09262255940867048	0.09485719679982829
Cytoplasm_Correlation_RWC_DAPI_GFP	0.18584996312887808	0.6985557989697083	0.763067416258852	0.5491577261191462
Cells_Texture_Correlation_RFP_3_03_256	0.18551749033688875	0.16660862451799907	0.1018652061914529	0.15133044034878024
Cytoplasm_AreaShape_MinorAxisLength	0.18545172010463912	0.290570363481966	0.21802211687291895	0.23134806681984135
Nuclei_AreaShape_Zernike_5_1	0.18468730495352456	0.11656693104670018	0.11066772419466075	0.13730732006496182
Cytoplasm_Intensity_MaxIntensityEdge_RFP	0.18338600670137836	0.13122227173518497	0.1130759365070395	0.14256140498120096
Nuclei_AreaShape_Compactness	0.1817526479938318	0.038212366275505845	0.11729663267147648	0.11242054898027137
Cells_RadialDistribution_FracAtD_GFP_1of4	0.17952144566497727	0.03849828719170546	0.0110464382550538	0.07635539037057885
Cytoplasm_Intensity_LowerQuartileIntensity_RFP	0.1781403565388307	0.06287079991944285	0.04794025748704536	0.09631713798177295
Cells_RadialDistribution_MeanFrac_RFP_1of4	0.17684051777917778	0.07493404079486991	0.036812501215479555	0.09619568659650908
Nuclei_Texture_InfoMeas1_RFP_3_02_256	0.17616483700765256	0.18926999768587718	0.09051359667022407	0.15198281045458462
Nuclei_Correlation_RWC_CY5_DAPI	0.17558106745168695	0.013175558830186227	0.03628482342135663	0.07501381656774327
Cytoplasm_Texture_DifferenceEntropy_RFP_3_03_256	0.1754905337734943	0.432592343796273	0.2656085010460941	0.2912304595386205
Nuclei_Correlation_Overlap_GFP_RFP	0.17478723639654542	0.0496118204799298	0.16667665136513038	0.13035856941386853
Cells_RadialDistribution_MeanFrac_CY5_2of4	0.1747779856266894	0.04452377396823126	0.04050015935225154	0.0866006396490574
Nuclei_Intensity_StdIntensityEdge_DAPI	0.17406867343964869	0.19082407812301538	0.031890489553482865	0.13226108037204898
Cytoplasm_Intensity_IntegratedIntensity_GFP	0.1721323987891773	0.294162694411397	0.08126730791098556	0.18252080037051996
Cytoplasm_Intensity_LowerQuartileIntensity_DAPI	0.16924984994451506	0.010582423089263313	0.006440211108117215	0.06209082804729852
Nuclei_Texture_DifferenceEntropy_RFP_3_02_256	0.1683677292700725	0.11379347065384313	0.058057026810026884	0.11340607557798084
Cells_Texture_InfoMeas1_RFP_3_02_256	0.16639316961811074	0.10374944484822468	0.014000442115777138	0.09471435219403751
Cells_Intensity_MaxIntensity_RFP	0.16612559095118937	0.014370458956147034	0.04670527878179216	0.07573377622970952
Cells_Intensity_MeanIntensityEdge_RFP	0.166074129777575	0.07159043999650656	0.09329520979077699	0.11031992652161952
Nuclei_AreaShape_FormFactor	0.16404071855011498	0.048271426607722774	0.23197413257034316	0.14809542590939365
Cells_AreaShape_Zernike_1_1	0.16312718273142096	0.11629501393683249	0.08562880466796179	0.12168366711207175
Cells_Intensity_IntegratedIntensityEdge_DAPI	0.16059809155274513	0.09309163462950253	0.220974783118267	0.15822150310017155
Cells_RadialDistribution_FracAtD_RFP_2of4	0.16022536894557016	0.26507139189692386	0.15520649727816915	0.19350108604022107
Cytoplasm_Intensity_MADIntensity_DAPI	0.1599255481811746	0.13272372253987222	0.05766382833846452	0.11677103301983711
Nuclei_RadialDistribution_FracAtD_RFP_2of4	0.15642422160748637	0.1383424162545681	0.02032125154990057	0.10502929647065168
Cells_Correlation_Overlap_DAPI_GFP	0.15613890559377444	0.07126601236947822	0.03480213800832173	0.0874023519905248
Cells_Correlation_RWC_DAPI_CY5	0.15521189601697297	0.29727760754219607	0.07853084512865312	0.17700678289594074
Cytoplasm_RadialDistribution_RadialCV_CY5_4of4	0.15405948214778423	0.04747238949047349	0.09171297739584366	0.09774828301136713
Nuclei_Correlation_RWC_CY5_RFP	0.15273680612666174	0.08190446470914232	0.020686782075015186	0.08510935097027307
Cytoplasm_Texture_Correlation_DAPI_3_00_256	0.15244725819116392	0.01977982519763357	0.11708572760403604	0.09643760366427785
Cytoplasm_RadialDistribution_FracAtD_GFP_1of4	0.15237270986614518	0.062240268261417465	0.00760371976051254	0.0740722326293584
Nuclei_Texture_InverseDifferenceMoment_RFP_3_02_256	0.1510020753721247	0.05733608525861247	0.06484467902320654	0.09106094655131458
Cells_RadialDistribution_MeanFrac_RFP_3of4	0.15016353084644926	0.07658218777317854	0.007430512775616562	0.07805874379841479
Nuclei_AreaShape_Zernike_1_1	0.14835960315891497	0.09231909610802404	0.12121030664952956	0.12062966863882285
Nuclei_Texture_InfoMeas2_RFP_3_00_256	0.14758778271138406	0.030487821278368157	0.04055636092105015	0.07287732163693413
Nuclei_RadialDistribution_MeanFrac_RFP_2of4	0.14430503852211743	0.061980530746657464	0.04116372858204773	0.08248309928360754
Nuclei_Correlation_Overlap_CY5_DAPI	0.1413495212435775	0.09014723738742618	0.11056196290834766	0.11401957384645045
Nuclei_AreaShape_Zernike_2_2	0.1410253382623002	0.03728283643871384	0.11334130717112108	0.09721649395737837
Nuclei_RadialDistribution_RadialCV_CY5_1of4	0.14100711592560777	0.04892498265343581	0.024596471715200297	0.07150952343141463
Cells_RadialDistribution_RadialCV_RFP_3of4	0.1403968485941574	0.006223901036729537	0.07854410009633832	0.07505494990907509
Cytoplasm_Texture_Contrast_RFP_3_03_256	0.13979361624543427	0.11303419396683831	0.027951265829723463	0.093593025347332
Nuclei_Texture_Correlation_GFP_3_00_256	0.13921470413848472	0.1652118821005878	0.35285137915554515	0.21909265513153922
Nuclei_Correlation_Overlap_DAPI_RFP	0.13863075602711064	0.16271277897350314	0.010985232384566671	0.10410958912839348
Nuclei_AreaShape_Zernike_2_0	0.13774796368153255	0.09918896958943113	0.10498272777098445	0.11397322034731605
Cytoplasm_AreaShape_BoundingBoxArea	0.13528939035221577	0.03893906207185256	0.13880454650958585	0.10434433297788472
Nuclei_Texture_DifferenceEntropy_RFP_3_00_256	0.13481275346845073	0.05566154636397424	0.2867181616042119	0.15906415381221228
Nuclei_Texture_Contrast_DAPI_3_02_256	0.13209293056691046	0.02562469775739612	0.03267175619987339	0.06346312817472666
Nuclei_Correlation_Overlap_DAPI_GFP	0.131873182053172	0.32146755624603257	0.2362668484368795	0.22986919557869467
Cytoplasm_AreaShape_Extent	0.13163385981879586	0.06233711815679308	0.0026283386856416993	0.06553310555374355
Cytoplasm_RadialDistribution_RadialCV_DAPI_4of4	0.13059307670369932	0.028184064128920973	0.08115853080258821	0.07997855721173618
Cytoplasm_Texture_InfoMeas1_GFP_3_03_256	0.13015738848512284	0.2133947274775338	0.20239835660358846	0.18198349085541507
Cytoplasm_Intensity_MeanIntensityEdge_GFP	0.13005857011860475	0.22195267137501173	0.32417551807201866	0.2253955865218784
Cells_Intensity_StdIntensityEdge_GFP	0.12949066468972315	0.1563380120698833	0.20431522519531378	0.16338130065164005
Cytoplasm_Correlation_Correlation_DAPI_GFP	0.1282524222835668	0.0008504855038482061	0.051392612077911015	0.06016517328844201
Cells_Intensity_MADIntensity_CY5	0.12788946808220003	0.046775583253443956	0.0043068499636072	0.059657300433083725
Cells_RadialDistribution_FracAtD_CY5_1of4	0.12652406981563658	0.005005969953786117	0.10533251967759195	0.0789541864823382
Cytoplasm_RadialDistribution_FracAtD_DAPI_3of4	0.12651369518663025	0.0033653626747862484	0.010973367548759242	0.04695080847005858
Cytoplasm_Texture_Contrast_DAPI_3_00_256	0.125851701134796	0.13746432642338474	0.05013689401398648	0.1044843071907224
Cytoplasm_Intensity_MedianIntensity_GFP	0.12439113342257321	0.2715330337767914	0.2752344601106921	0.22371954243668557
Cells_Correlation_K_GFP_RFP	0.12392035173019691	0.5490695878877148	0.4925633894738287	0.38851777636391344
Cytoplasm_Texture_DifferenceEntropy_RFP_3_01_256	0.12319271874718205	0.4195605304083095	0.4255972351206331	0.3227834947587082
Cells_RadialDistribution_MeanFrac_DAPI_4of4	0.12247770752611091	0.06666927695055265	0.24804672696606886	0.1457312371475775
Nuclei_RadialDistribution_MeanFrac_DAPI_3of4	0.12217147467017396	0.18727275767218815	0.008979605272920726	0.1061412792050943
Cytoplasm_Correlation_Manders_RFP_DAPI	0.12198783833340338	0.16843147248501245	0.027417292147779073	0.10594553432206495
Cells_AreaShape_Zernike_6_2	0.11965276538321336	0.00863184374623196	0.011823172279899279	0.04670259380311487
Cells_Texture_InfoMeas1_GFP_3_02_256	0.11961443615745758	0.22852419024488127	0.009702019166656204	0.11928021518966501
Cytoplasm_RadialDistribution_MeanFrac_RFP_3of4	0.11873856416778802	0.09505324596335135	0.046735709791306056	0.08684250664081515
Cells_Texture_Correlation_GFP_3_02_256	0.1178852090473585	0.38747738679194965	0.40157479522662193	0.3023124636886434
Nuclei_Correlation_Overlap_CY5_GFP	0.11679564209141206	0.051449037817257466	0.01519130607630795	0.061145328661659164
Nuclei_RadialDistribution_MeanFrac_CY5_1of4	0.1162688028710644	0.13446548747335746	0.032948229905070514	0.09456084008316412
Cells_RadialDistribution_RadialCV_CY5_2of4	0.11597781893357065	0.030575839411056998	0.041435575267823634	0.06266307787081708
Cytoplasm_Intensity_MADIntensity_RFP	0.11434612971488069	0.049457438157929495	0.07197598775822717	0.07859318521034579
Cells_RadialDistribution_MeanFrac_DAPI_3of4	0.11270968544562655	0.051352473535318896	0.11387100037892986	0.09264438645329176
Cytoplasm_Texture_InverseDifferenceMoment_RFP_3_02_256	0.11265073099743744	0.24903163438135265	0.1946561995334158	0.18544618830406864
Cells_Intensity_MaxIntensityEdge_GFP	0.1124753313207889	0.13792121096259666	0.16025344991964727	0.13688333073434425
Cells_Correlation_K_DAPI_RFP	0.11142750235610684	0.34241287814355786	0.09664157503245623	0.18349398517737361
Cytoplasm_RadialDistribution_RadialCV_GFP_4of4	0.11040294573288643	0.0032778854724318054	0.046698334983967	0.05345972206309508
Cells_Correlation_K_RFP_DAPI	0.11036330298610557	0.15944625698676745	0.05884220648807015	0.10955058882031439
Cytoplasm_Intensity_MedianIntensity_CY5	0.10954410317207676	0.05580033204904194	0.14211759449476769	0.10248734323862879
Cells_RadialDistribution_RadialCV_CY5_4of4	0.10916871824939497	0.12709484339765342	0.12995717760570308	0.12207357975091715
Cytoplasm_Texture_Contrast_DAPI_3_02_256	0.10878696680579285	0.15612622206487545	0.012565530799206493	0.09249290655662491
Nuclei_Intensity_MADIntensity_GFP	0.10858258162997446	0.18678030977507204	0.2019822786716871	0.1657817233589112
Nuclei_RadialDistribution_MeanFrac_RFP_4of4	0.10804539365235394	0.13868208734948245	0.11988644071414019	0.12220464057199219
Cytoplasm_RadialDistribution_RadialCV_GFP_2of4	0.10663608025351494	0.022369480710814356	0.00893697897217933	0.04598084664550287
Cytoplasm_RadialDistribution_MeanFrac_CY5_3of4	0.10654211744303592	0.009960303807514352	0.014662997170143095	0.04372180614023113
Cells_Intensity_StdIntensityEdge_RFP	0.10471362968915983	0.22680986156317787	0.16553618822336078	0.16568655982523284
Nuclei_Intensity_MassDisplacement_DAPI	0.10343825510584077	0.061660353622809826	0.015475133567040897	0.06019124743189716
Nuclei_Intensity_MADIntensity_DAPI	0.10337349696662265	0.046928639666433646	0.15820049154450638	0.1028342093925209
Cytoplasm_AreaShape_Zernike_7_1	0.10300399735560334	0.049073663733939316	0.03908493615570993	0.06372086574841752
Nuclei_RadialDistribution_RadialCV_DAPI_3of4	0.10265665869105788	0.04141714186771799	0.09884178719451672	0.08097186258443086
Cytoplasm_AreaShape_Zernike_2_2	0.10256754209525346	0.08675188088287818	0.15893068959424414	0.11608337085745861
Nuclei_Texture_Contrast_RFP_3_00_256	0.10187962247185886	0.03283383309440441	0.04201850395311142	0.058910653173124904
Cytoplasm_RadialDistribution_MeanFrac_GFP_3of4	0.1013565305617717	0.12574439532630316	0.2249418043034227	0.15068091006383252
Cells_RadialDistribution_RadialCV_DAPI_2of4	0.10049188391163448	0.017046117557164283	0.029925237021107276	0.049154412829968686
Nuclei_Granularity_1_RFP	0.09996666575978884	0.029459866687065944	0.023987699739720238	0.051138077395525006
Cytoplasm_RadialDistribution_FracAtD_RFP_4of4	0.0999142880259257	0.01648938969749313	0.10205814409524838	0.07282060727288907
Cells_AreaShape_Zernike_4_2	0.09954196091736187	0.09964987830034562	0.1717286502300048	0.12364016314923743
Cytoplasm_Correlation_Overlap_DAPI_GFP	0.09912047569729639	0.09438993794219704	0.07691948247117412	0.09014329870355585
Cytoplasm_Intensity_StdIntensity_DAPI	0.09908771703694721	0.13904418253285503	0.3945898697275826	0.21090725643246158
Nuclei_Intensity_StdIntensityEdge_GFP	0.0982180836815631	0.17291316407307863	0.047134742634675264	0.10608866346310565
Cells_RadialDistribution_FracAtD_RFP_3of4	0.09814892003385929	0.14240022024994392	0.1607605105615946	0.13376988361513262
Cells_Correlation_RWC_DAPI_GFP	0.09771059676315089	0.3936287578965983	0.46591764824234355	0.31908566763403096
Nuclei_Texture_DifferenceEntropy_RFP_3_01_256	0.09761616634991437	0.17788142763089243	0.07765911677215234	0.11771890358431973
Nuclei_RadialDistribution_FracAtD_DAPI_2of4	0.09713793142342021	0.07076775176998705	0.02317394820160403	0.06369321046500377
Cells_Correlation_K_DAPI_CY5	0.09675033543772003	0.18513960737311144	0.2257962440585128	0.1692287289564481
Nuclei_Correlation_RWC_DAPI_CY5	0.09665529231406277	0.14637285888344692	0.3081577768140443	0.18372864267051803
Nuclei_Texture_Contrast_RFP_3_02_256	0.09623276726753595	0.06984079364414011	0.09336764949560919	0.0864804034690951
Cytoplasm_RadialDistribution_RadialCV_RFP_4of4	0.0961662888074043	0.03777047060037325	0.021035650360204463	0.051657469922660675
Cytoplasm_Texture_Correlation_GFP_3_02_256	0.09593847446594639	0.024643754766065736	0.060478205143232835	0.06035347812508165
Nuclei_AreaShape_Zernike_7_7	0.09475638761186558	0.010329077479107041	0.0034664956989278774	0.036183986929966834
Nuclei_Correlation_K_RFP_CY5	0.09454576386435903	0.4337607656095549	0.34606483715137404	0.29145712220842934
Cells_Granularity_2_RFP	0.09429201807663257	0.06745844510536826	0.004056354815914457	0.05526893933263843
Nuclei_RadialDistribution_RadialCV_CY5_4of4	0.09397372393426796	0.007243013898999948	0.06965219311127253	0.05695631031484682
Cells_Intensity_StdIntensityEdge_CY5	0.0933851092194944	0.33051043251765483	0.23967435473147308	0.22118996548954076
Nuclei_RadialDistribution_FracAtD_RFP_4of4	0.09246934426570987	0.0063593271397398244	0.06113538743235632	0.05332135294593534
Nuclei_Correlation_RWC_GFP_RFP	0.09243803523684023	0.5377827011645543	0.5133475660107469	0.3811894341373805
Cytoplasm_Correlation_K_DAPI_CY5	0.09219002137349343	0.24792663485357705	0.14393662238662505	0.16135109287123184
Cytoplasm_Intensity_LowerQuartileIntensity_GFP	0.09199047285455333	0.08944058730409586	0.039246766657915426	0.07355927560552154
Cells_RadialDistribution_RadialCV_GFP_4of4	0.09188540900668045	0.08345204911856263	0.04991540887245889	0.07508428899923399
Nuclei_Correlation_Correlation_CY5_DAPI	0.09139851326505664	0.09841454834621242	0.2268323412286118	0.13888180094662694
Nuclei_RadialDistribution_RadialCV_DAPI_2of4	0.0909817661549906	0.04091667588316503	0.07804524802364159	0.06998123002059907
Cytoplasm_Intensity_MaxIntensityEdge_CY5	0.08992126345078923	0.182739248364895	0.2942959955403383	0.18898550245200751
Cells_RadialDistribution_MeanFrac_GFP_2of4	0.08871494825564874	0.09550641221379198	0.03276474622556136	0.07232870223166736
Cytoplasm_RadialDistribution_FracAtD_DAPI_4of4	0.08846192709403729	0.03806517100418177	0.056706618942770834	0.06107790568032997
Cells_Intensity_MassDisplacement_RFP	0.08791716837787295	0.32095708648667964	0.23197747671685495	0.21361724386046918
Cytoplasm_AreaShape_MajorAxisLength	0.0873934372649774	0.1513909831043315	0.15304644169721654	0.13061028735550848
Cells_RadialDistribution_FracAtD_DAPI_3of4	0.08729200406985806	0.03630195379634688	0.03849696147840915	0.054030306448204696
Nuclei_AreaShape_Zernike_3_3	0.08684302902623517	0.04018497075217417	0.010808682627401912	0.04594556080193709
Nuclei_Correlation_Correlation_GFP_RFP	0.08655256914505045	0.09183736017390774	0.13661902913337526	0.10500298615077781
Nuclei_Intensity_MinIntensity_GFP	0.08631042105831502	0.08593384796345119	0.11013899137160635	0.09412775346445752
Nuclei_RadialDistribution_MeanFrac_GFP_4of4	0.08578113028370135	0.22679902558497098	0.0318613441173253	0.11481383332866586
Cytoplasm_RadialDistribution_MeanFrac_CY5_2of4	0.08476866824837993	0.16459049946874652	0.149074582424793	0.13281125004730648
Cells_Intensity_MaxIntensityEdge_RFP	0.08455009001299248	0.3810677576109415	0.23660332458066993	0.2340737240682013
Cytoplasm_Correlation_RWC_CY5_DAPI	0.08429178953497916	0.027747125212140428	0.02932116468379526	0.04712002647697162
Cells_AreaShape_Zernike_7_3	0.08388320833853925	0.02608520084268607	0.019040622914244878	0.04300301069849007
Cytoplasm_AreaShape_Zernike_9_5	0.08349509948522653	0.05317874369222077	0.08519660358550105	0.07395681558764945
Nuclei_Correlation_RWC_CY5_GFP	0.0833837915551578	0.24259581283092693	0.40576112720198765	0.24391357719602413
Cytoplasm_RadialDistribution_FracAtD_CY5_2of4	0.08319523391078734	0.18924456799676617	0.24500568488395816	0.1724818289305039
Nuclei_Texture_Correlation_DAPI_3_00_256	0.0824726917843415	0.0815090634223715	0.08025944995700872	0.0814137350545739
Nuclei_AreaShape_Zernike_4_0	0.08195861361440435	0.020260789399407852	0.07516777180705905	0.05912905827362375
Cells_RadialDistribution_RadialCV_GFP_1of4	0.0814383996239125	0.019540878132970552	0.06927069570310433	0.05674999115332913
Cytoplasm_Correlation_Correlation_GFP_RFP	0.08128566697708535	0.008568679932424234	0.03229976603696735	0.040718037648825645
Nuclei_Intensity_IntegratedIntensityEdge_DAPI	0.08106439121414083	0.10547103929284879	0.2976989927930248	0.16141147443333814
Cytoplasm_RadialDistribution_RadialCV_CY5_2of4	0.08102392347850038	0.09957732525507655	0.0974566494227414	0.0926859660521061
Nuclei_RadialDistribution_MeanFrac_RFP_1of4	0.07914893018968287	0.061068697029980135	0.011182970287860704	0.050466865835841236
Cells_Correlation_K_DAPI_GFP	0.0789793147980378	0.13017564573878865	0.061087002527342366	0.09008065435472294
Cytoplasm_Texture_Correlation_GFP_3_00_256	0.07894836180735529	0.07037070455224155	0.07809643979919872	0.07580516871959853
Cytoplasm_RadialDistribution_MeanFrac_RFP_4of4	0.07883570260127643	0.10779590137158186	0.05655245430338835	0.08106135275874887
Cytoplasm_Correlation_Correlation_DAPI_RFP	0.078297822448286	0.09547792037115402	0.11861524266063636	0.09746366182669212
Cells_Granularity_2_DAPI	0.07791785322942729	0.013233546958400524	0.03495602828089949	0.04203580948957577
Cells_RadialDistribution_MeanFrac_CY5_1of4	0.07753490260748984	0.03537717681635688	0.009201721365373774	0.040704600263073494
Nuclei_Correlation_Correlation_DAPI_GFP	0.07745722998339176	0.2840628230892018	0.18749915559486588	0.18300640288915315
Nuclei_AreaShape_Zernike_8_8	0.07736528809610288	0.11228719829472344	0.08672603294921107	0.0921261731133458
Nuclei_Texture_InfoMeas2_RFP_3_03_256	0.07735069940144668	0.03684776224250212	0.0322700614520068	0.0488228410319852
Cells_Intensity_LowerQuartileIntensity_GFP	0.07719127008961708	0.2532556696752836	0.15614581049716425	0.16219758342068832
Cytoplasm_RadialDistribution_MeanFrac_CY5_4of4	0.07702728779470518	0.4197813972803179	0.36708828714800285	0.28796565740767527
Nuclei_Texture_InverseDifferenceMoment_RFP_3_01_256	0.07617921668612555	0.03600974858487265	0.11172341557723602	0.07463746028274475
Cells_Texture_Contrast_DAPI_3_00_256	0.07598952706067111	0.19236665162696995	0.14711967385823438	0.13849195084862514
Nuclei_Texture_Correlation_GFP_3_03_256	0.0758724194101278	0.044454107876228936	0.08030070373698188	0.06687574367444621
Cytoplasm_Intensity_IntegratedIntensity_DAPI	0.07577708547370039	0.014778422324927674	0.07670212362183877	0.055752543806822284
Nuclei_Texture_InfoMeas2_DAPI_3_01_256	0.07555180585438281	0.21573095368404327	0.1934804732696772	0.16158774426936776
Cells_Texture_InfoMeas1_RFP_3_03_256	0.07437318165932079	0.022818176518694222	0.1733168907209668	0.09016941629966059
Cytoplasm_Intensity_StdIntensityEdge_RFP	0.07396288878722666	0.0855779561884544	0.08235155958548965	0.08063080152039023
Cells_AreaShape_Zernike_9_5	0.07381594123210412	0.07664163391959553	0.09492734953407901	0.08179497489525955
Cytoplasm_AreaShape_Zernike_1_1	0.0731636168440008	0.0988715955558831	0.0344684413715328	0.0688345512571389
Nuclei_AreaShape_Zernike_0_0	0.07230352828219606	0.22825077185415338	0.4096756826451361	0.23674332759382852
Nuclei_Intensity_MADIntensity_RFP	0.072028909256474	0.019332521748121022	0.020179954861057958	0.03718046195521766
Nuclei_Intensity_MassDisplacement_RFP	0.07137582524628307	0.001289001786700124	0.0037669762380374847	0.02547726775700689
Nuclei_RadialDistribution_MeanFrac_DAPI_4of4	0.07124089209875878	0.1319449769382085	0.16370729510305776	0.12229772138000834
Nuclei_Granularity_1_GFP	0.0710385943237598	0.0427837824336373	0.06703443709577384	0.06028560461772364
Cells_AreaShape_Zernike_5_1	0.07091601262576526	0.01667806013532586	0.004017738248242921	0.03053727033644468
Cytoplasm_AreaShape_Zernike_9_7	0.0708886826963033	0.019849397986547203	0.010188876617593285	0.03364231910014793
Nuclei_AreaShape_Zernike_6_2	0.07087289410536686	0.0250492922144145	0.04478857227880138	0.04690358619952758
Nuclei_RadialDistribution_RadialCV_DAPI_1of4	0.07026929147811448	0.03094807631655848	0.050931513655615296	0.05071629381676276
Cytoplasm_AreaShape_Zernike_6_2	0.07022268598721675	0.013301774024682805	0.0012562858078675658	0.028260248606589034
Cells_RadialDistribution_RadialCV_CY5_1of4	0.07010786948095919	0.05862926213802646	0.060505846574497986	0.0630809927311612
Nuclei_Texture_Correlation_GFP_3_01_256	0.06888029948186764	0.06067385904559938	0.10471862764361146	0.07809092872369283
Cytoplasm_Texture_Contrast_GFP_3_00_256	0.06840723880926207	0.2093131147050331	0.0003667083435048199	0.09269568728593335
Cells_Correlation_RWC_GFP_DAPI	0.06819386111091777	0.11009924740719254	0.1404686812186589	0.1062539299122564
Cells_AreaShape_Zernike_8_6	0.06775824253989869	0.0382710226228534	0.061764882636532265	0.05593138259976146
Nuclei_AreaShape_Zernike_5_3	0.0675863970442565	0.03465985680412626	0.0025853661769802963	0.03494387334178769
Nuclei_Correlation_RWC_RFP_CY5	0.06755297800776709	0.258230974345893	0.19439520227321758	0.17339305154229256
Cytoplasm_AreaShape_Zernike_5_1	0.06736005538703622	0.007845620354383295	0.017028196147188455	0.030744623962869325
Cells_AreaShape_MeanRadius	0.06673339141054739	0.9412923305063217	0.8739105596710177	0.627312093862629
Cells_RadialDistribution_MeanFrac_GFP_3of4	0.06637112356575388	0.21134677287237133	0.17306219556041008	0.15026003066617843
Cells_Texture_InfoMeas1_GFP_3_01_256	0.0656849697444515	0.13949291163468103	0.07080407528341057	0.09199398555418103
Nuclei_RadialDistribution_MeanFrac_GFP_2of4	0.06530243833782032	0.18131948966599468	0.1282534528424238	0.12495846028207959
Cytoplasm_AreaShape_Zernike_4_0	0.06519458927989986	0.019256081498758466	0.01890917472156552	0.03445328183340795
Nuclei_Texture_Correlation_RFP_3_03_256	0.06497165374250105	0.14127856458261526	0.15698564277168547	0.12107862036560059
Nuclei_Texture_Contrast_GFP_3_00_256	0.06443514200556143	0.05553653732028166	0.019072316761170716	0.046347998695671265
Nuclei_AreaShape_Zernike_7_1	0.06403109620462169	0.020218016490730004	0.021131817783556137	0.03512697682630261
Cells_Intensity_MeanIntensityEdge_CY5	0.0638646909210439	0.135383200179383	0.0062654257250780365	0.06850443894183499
Nuclei_RadialDistribution_RadialCV_RFP_3of4	0.06355955208442104	0.042533224813139286	0.024090087284049023	0.04339428806053645
Cytoplasm_AreaShape_Zernike_3_1	0.06354096883125813	0.002757789010235058	0.00389821937298319	0.023398992404825462
Nuclei_AreaShape_Orientation	0.06336463247718281	0.02038213718412159	0.011932976908055136	0.03189324885645318
Cytoplasm_Correlation_Overlap_CY5_DAPI	0.06285328717692192	0.13315017797452014	0.06533427712651124	0.08711258075931777
Cells_AreaShape_Zernike_4_0	0.06226362049247079	0.04498129482743828	0.02211725972603554	0.043120725015314866
Nuclei_Texture_DifferenceEntropy_RFP_3_03_256	0.06168551591738066	0.3946931906242407	0.3527628857314909	0.2697138640910374
Nuclei_RadialDistribution_RadialCV_DAPI_4of4	0.0611154166656798	0.07701685989415721	0.11585867548261816	0.08466365068081838
Nuclei_Texture_InfoMeas2_RFP_3_01_256	0.05987360962971238	0.07879104531740865	0.0772108201083211	0.07195849168514738
Nuclei_RadialDistribution_FracAtD_DAPI_3of4	0.05972248735130005	0.16555796159924244	0.07392103680699608	0.09973382858584619
Cytoplasm_Texture_Contrast_GFP_3_01_256	0.059338993244564486	0.11344216855921695	0.0045254909159614205	0.05910221757324762
Cytoplasm_AreaShape_Eccentricity	0.059266062101208175	0.04024372586655417	0.01451214661810492	0.03800731152862242
Cells_AreaShape_Zernike_9_3	0.057660521698148774	0.004226670543662506	0.022177179976851785	0.028021457406221018
Nuclei_RadialDistribution_RadialCV_GFP_1of4	0.057597020793230994	0.051900674768623985	0.013288943157510481	0.04092887957312182
Cells_RadialDistribution_RadialCV_GFP_2of4	0.05724917886459163	0.06838640913853404	0.0755838518284089	0.06707314661051153
Cytoplasm_Texture_InfoMeas1_GFP_3_01_256	0.057179255893561	0.16737671154055736	0.14407821899225115	0.12287806214212317
Cells_RadialDistribution_MeanFrac_RFP_2of4	0.05665236764796991	0.04203853992034512	0.013201957458263646	0.03729762167552623
Cells_AreaShape_Zernike_7_1	0.05657259720720943	0.01587877936414062	0.0023002891709524207	0.024917221914100823
Nuclei_AreaShape_Zernike_8_6	0.056491064697627096	0.02188256423920968	0.002290562186380816	0.026888063707739194
Nuclei_RadialDistribution_FracAtD_CY5_1of4	0.05644681948968689	0.07240807085974718	0.04427827429881391	0.05771105488274932
Cytoplasm_RadialDistribution_RadialCV_DAPI_3of4	0.05538394138401452	0.05668446242837415	0.10757423260660803	0.07321421213966557
Cytoplasm_RadialDistribution_RadialCV_CY5_3of4	0.054662880284591785	0.0032302891736921374	0.020558085796542586	0.026150418418275503
Cytoplasm_Texture_Contrast_GFP_3_03_256	0.05437234845777847	0.14579736981150765	0.009568860644221867	0.06991285963783599
Cells_Correlation_Correlation_DAPI_GFP	0.05405730868361308	1.0430563446622025	0.652587339821544	0.5832336643891199
Cells_RadialDistribution_FracAtD_DAPI_1of4	0.05356826627880777	0.17989739893523127	0.17134612857699477	0.13493726459701127
Cells_Texture_InfoMeas1_GFP_3_03_256	0.05337690230528375	0.3491114724863346	0.11592312963022869	0.17280383480728234
Nuclei_RadialDistribution_RadialCV_GFP_3of4	0.05314613576941956	0.2622953451683362	0.27001298460250833	0.19515148851342135
Cytoplasm_Correlation_K_DAPI_GFP	0.05205887967469186	0.4262633510352868	0.6337120126304028	0.37067808111346046
Cells_RadialDistribution_RadialCV_DAPI_3of4	0.05184101764074535	0.08941466879952402	0.12529709857101384	0.0888509283370944
Nuclei_Intensity_MinIntensityEdge_GFP	0.05115211498956789	0.0524856900234453	0.04224571823978236	0.04862784108426519
Cytoplasm_Texture_InverseDifferenceMoment_RFP_3_03_256	0.0510468200645144	0.06213446046317642	0.08596431418970511	0.06638186490579866
Cytoplasm_RadialDistribution_MeanFrac_RFP_2of4	0.05095924343734986	0.07054908086624867	0.08985575476180825	0.07045469302180225
Cytoplasm_Intensity_IntegratedIntensityEdge_GFP	0.05039984901716419	0.2245684540461496	0.003286318185431844	0.09275154041624856
Cells_Texture_Correlation_RFP_3_01_256	0.050280830350596474	0.19078350646819925	0.3333724806981065	0.19147893917230074
Cells_RadialDistribution_MeanFrac_CY5_3of4	0.04903932798366702	0.23703219649718726	0.16369145873980112	0.14992099440688514
Nuclei_Correlation_RWC_RFP_DAPI	0.04863441289161722	0.04741053488287167	0.018966297758711486	0.03833708184440012
Nuclei_AreaShape_Solidity	0.04774603357567314	0.03105241868055507	0.037942521995760044	0.038913658083996085
Cells_Intensity_MaxIntensityEdge_CY5	0.04754884244498521	0.012407268381564286	0.05868277588405569	0.03954629557020173
Cytoplasm_Intensity_MaxIntensity_DAPI	0.04548073153958667	0.03402417380206941	0.06372439860612257	0.04774310131592622
Cells_Correlation_Overlap_CY5_DAPI	0.04538005565123633	0.10258519952655869	0.1310682784238913	0.09301117786722878
Cytoplasm_Texture_Contrast_DAPI_3_01_256	0.04518429615370114	0.1031790229860812	0.05537647953223832	0.06791326622400688
Nuclei_Intensity_MaxIntensity_GFP	0.043832767902469365	0.06858557718020064	0.03617676106063281	0.049531702047767606
Cells_Texture_InfoMeas1_GFP_3_00_256	0.042803316403538995	0.263402096016601	0.13094468082374117	0.1457166977479604
Cells_Correlation_K_RFP_GFP	0.04267150948043673	0.04396971943451576	0.020447833521619743	0.03569635414552408
Cells_Granularity_1_GFP	0.042081695790060214	0.19121450537498466	0.23465639125469936	0.15598419747324807
Cytoplasm_AreaShape_Zernike_5_3	0.040668023567044256	0.0009344882049695946	0.0004071041936558652	0.014003205321889907
Cytoplasm_Correlation_Overlap_GFP_RFP	0.04056241930081366	0.2145199615703526	0.25340288725126886	0.16949508937414504
Nuclei_AreaShape_Zernike_7_3	0.04052201125533314	0.029929847721982202	0.03640144877079616	0.0356177692493705
Cytoplasm_Intensity_MADIntensity_CY5	0.03984979451093699	0.01651789552274035	0.03424344335621909	0.030203711129965477
Cells_Intensity_MassDisplacement_DAPI	0.03965865132990716	0.22004596096838772	0.03376455113085339	0.09782305447638277
Nuclei_RadialDistribution_FracAtD_CY5_2of4	0.0394667994539071	0.12290247451309137	0.07953584750640816	0.08063504049113554
Cytoplasm_Intensity_StdIntensityEdge_GFP	0.039409961498262855	0.06303557703567524	0.0866393758137673	0.06302830478256846
Nuclei_RadialDistribution_RadialCV_GFP_2of4	0.03855268323912729	0.01725049677875466	0.02937702369304584	0.028393401236975934
Nuclei_Texture_InfoMeas1_GFP_3_00_256	0.0384304190871691	0.8402401717003579	0.7613167519262042	0.5466624475712437
Nuclei_AreaShape_Zernike_9_9	0.03815206096859154	0.023281371635650968	0.01949278147206385	0.02697540469210212
Nuclei_RadialDistribution_RadialCV_RFP_4of4	0.038147363172469445	0.03549102338813647	0.08854324436863692	0.054060543643080945
Cells_Texture_Correlation_RFP_3_00_256	0.03808464795585005	0.19604989349426222	0.11705723239063331	0.11706392461358185
Nuclei_Granularity_1_CY5	0.037708123804035626	0.07356191026221914	0.08847915140850794	0.06658306182492091
Cytoplasm_AreaShape_Zernike_6_0	0.037298058966832304	0.00863904668950658	0.013977645211725277	0.019971583622688055
Cells_RadialDistribution_RadialCV_DAPI_1of4	0.03720443086108453	0.026312133724884647	0.007185024738805995	0.023567196441591724
Nuclei_RadialDistribution_MeanFrac_RFP_3of4	0.03708787697286183	0.20477384588972153	0.24533507389530154	0.1623989322526283
Cytoplasm_AreaShape_Zernike_8_0	0.03692013695402305	0.002705889910900139	0.007040176145272118	0.015555401003398433
Cytoplasm_Intensity_IntegratedIntensity_RFP	0.03677614179143512	0.3058212826964588	0.3236452864517977	0.22208090364656385
Cytoplasm_Correlation_RWC_DAPI_RFP	0.03648077839094897	0.01463151031147905	0.08871517752337198	0.0466091554086
Nuclei_Texture_Correlation_GFP_3_02_256	0.036041129586620625	0.15446446298453548	0.25690233495753073	0.14913597584289562
Cytoplasm_RadialDistribution_MeanFrac_RFP_1of4	0.03586458888013288	0.042403206489674265	0.016616080302716073	0.03162795855750774
Nuclei_Texture_Correlation_DAPI_3_01_256	0.03571644970074509	0.1965099912848379	0.3515045993981606	0.19457701346124787
Nuclei_RadialDistribution_MeanFrac_DAPI_1of4	0.035511192952672535	0.019412982554336027	0.00744532473190142	0.020789833412969996
Cells_Neighbors_FirstClosestDistance_Adjacent	0.03518338773905408	0.022436579808392136	0.010354669492348229	0.02265821234659815
Nuclei_RadialDistribution_RadialCV_CY5_3of4	0.03509330686177528	0.12555307885882444	0.0836590154545896	0.08143513372506311
Nuclei_Intensity_MassDisplacement_GFP	0.03461099957748056	0.0355950874710918	0.053527639927517814	0.04124457565869673
Cytoplasm_Texture_SumVariance_DAPI_3_03_256	0.03453077319014712	0.01844333322444039	0.013260392863745155	0.02207816642611089
Nuclei_AreaShape_Zernike_3_1	0.03438316510893763	0.06476292214216345	0.07494638509285972	0.0580308241146536
Nuclei_AreaShape_Extent	0.03432840877486245	0.025221366599489092	0.04872211273479779	0.036090629369716444
Nuclei_Correlation_K_DAPI_GFP	0.03353147251863436	0.015581085974857243	0.01642193812777853	0.021844832207090045
Cells_Correlation_RWC_RFP_DAPI	0.0333395053662797	0.15086485601072439	0.09600376741692843	0.09340270959797752
Cytoplasm_Intensity_MaxIntensityEdge_GFP	0.03311973791225287	0.20861475783782557	0.10305044719180287	0.11492831431396044
Nuclei_Texture_InverseDifferenceMoment_RFP_3_00_256	0.03310036692459864	0.11848793925371844	0.06041259076708649	0.07066696564846786
Nuclei_AreaShape_Zernike_9_3	0.0329251528852656	0.04966755264891675	0.011604714628202088	0.031399140054128145
Nuclei_RadialDistribution_FracAtD_CY5_3of4	0.03251874971409476	0.25207852825458826	0.16879148148940254	0.1511295864860285
Cytoplasm_RadialDistribution_RadialCV_CY5_1of4	0.0323378159060062	0.046664282172648	0.007535444595867437	0.02884584755817388
Nuclei_Texture_Correlation_RFP_3_01_256	0.03198422782407229	0.10130850928651675	0.15009773450858815	0.09446349053972573
Cytoplasm_Correlation_RWC_CY5_RFP	0.031948564444588705	0.19115082637957626	0.14835954864206297	0.12381964648874265
Nuclei_RadialDistribution_RadialCV_RFP_1of4	0.0317248964915891	0.020323615998226546	0.0074127810656348875	0.019820431185150176
Cells_Intensity_IntegratedIntensityEdge_CY5	0.03158115538215067	0.1000411262166284	0.018243004698639053	0.04995509543247271
Cytoplasm_Granularity_1_RFP	0.031241168030094423	0.01567180967673874	0.066035421423287	0.03764946637670672
Nuclei_RadialDistribution_FracAtD_RFP_3of4	0.03105361193231346	0.11388864741311008	0.13581640907155493	0.0935862228056595
Cytoplasm_Texture_Correlation_GFP_3_03_256	0.030383059001502573	0.14187840383642267	0.1459940791804032	0.10608518067277613
Cytoplasm_AreaShape_Zernike_4_2	0.03032226242470415	0.0017531587245503894	0.0688946675661532	0.03365669623846925
Nuclei_AreaShape_Zernike_9_5	0.030199448150208256	0.00747705790766077	0.011990106366062332	0.016555537474643788
Nuclei_RadialDistribution_FracAtD_DAPI_1of4	0.02991153004219168	0.2340556419712474	0.1711284600827579	0.145031877365399
Cytoplasm_AreaShape_Zernike_8_4	0.029255839519677845	0.004118270272022588	0.00272027726752841	0.012031462353076281
Cells_Granularity_1_CY5	0.029187470102195277	0.2000461344482666	0.1798827075309012	0.13637210402712102
Cytoplasm_Texture_Contrast_RFP_3_02_256	0.02904487668381078	0.011230783855083842	0.05090977544261539	0.030395145327170008
Cells_AreaShape_Zernike_6_0	0.029014145033042588	0.04749831823225385	0.06030013815425136	0.045604200473182595
Cytoplasm_AreaShape_Zernike_9_1	0.02900481591802179	0.0347538642737114	0.04242516301876285	0.03539461440349868
Cytoplasm_RadialDistribution_RadialCV_GFP_3of4	0.028456012426109168	0.2080786341404256	0.14237445708283084	0.12630303454978853
Nuclei_Intensity_MedianIntensity_RFP	0.028236216699067947	0.1232523451258446	0.2820680646135124	0.14451887547947498
Nuclei_AreaShape_Zernike_4_2	0.028230164696164028	0.01340952497478605	0.034160222971829614	0.02526663754759323
Cells_RadialDistribution_FracAtD_CY5_3of4	0.027766155430427156	0.034399705496937015	0.1438577041970473	0.06867452170813716
Cytoplasm_Texture_Correlation_GFP_3_01_256	0.02767417567319273	0.1527727975705831	0.10999580518126911	0.09681425947501499
Nuclei_Texture_Correlation_DAPI_3_02_256	0.02738414815269751	0.2109885470515241	0.07268465939432485	0.10368578486618214
Cytoplasm_Correlation_Costes_RFP_DAPI	0.02682346835097315	0.31746137167936783	0.25547355882540435	0.19991946628524845
Nuclei_AreaShape_Zernike_5_5	0.026762172550077262	0.037846056694889565	0.03333315084555399	0.03264712669684027
Nuclei_Texture_Correlation_DAPI_3_03_256	0.026733407263410308	0.09282565501231727	0.27364102267799967	0.13106669498457577
Cells_Texture_InfoMeas2_GFP_3_00_256	0.026693697271180275	0.1667545114281249	0.009602252311474085	0.06768348700359308
Nuclei_AreaShape_Zernike_7_5	0.026632792668024048	0.035254050591707685	0.020513869488627906	0.027466904249453212
Nuclei_Texture_Contrast_RFP_3_01_256	0.0258513419929265	0.06526113752048798	0.03082627176471916	0.04064625042604455
Nuclei_AreaShape_Zernike_6_0	0.025687429244275275	0.005524773652985096	0.02917769833062873	0.020129967075963037
Nuclei_AreaShape_Zernike_8_0	0.024970808710870967	0.0012408121425227714	0.04817817354517756	0.0247965981328571
Nuclei_AreaShape_Zernike_6_4	0.02482872035258164	0.02267034862315128	0.04559038964566554	0.031029819540466148
Nuclei_Correlation_Correlation_DAPI_RFP	0.02404171571532714	0.07018691525925769	0.011174831028818253	0.03513448733446769
Cells_RadialDistribution_FracAtD_RFP_4of4	0.023988867448741045	0.028872346344840812	0.03816632488651124	0.030342512893364367
Cells_Texture_InfoMeas2_RFP_3_01_256	0.02396420520282137	0.027142558553047216	0.07389557780693598	0.04166744718760152
Nuclei_RadialDistribution_FracAtD_GFP_2of4	0.023769989816513012	0.04513617530274268	0.03231314474867891	0.0337397699559782
Nuclei_Texture_Contrast_RFP_3_03_256	0.023480790592635623	0.03677077034452985	0.001581854834488531	0.020611138590551335
Cells_Texture_InfoMeas1_RFP_3_01_256	0.023369879500903242	0.14059930392028525	0.11001140739306645	0.09132686360475166
Cells_AreaShape_Zernike_8_0	0.02336600083488777	0.012614862000104397	0.03133353672480542	0.022438133186599197
Cytoplasm_Texture_Contrast_DAPI_3_03_256	0.022617875265900457	0.0949002825945011	0.009104404603419682	0.04220752082127375
Nuclei_Neighbors_FirstClosestDistance_Adjacent	0.02177779325639172	0.0388321018996728	0.045859865244727474	0.03548992013359733
Cells_AreaShape_Zernike_5_3	0.021523005754177236	0.02718962611421517	0.009057295138155001	0.019256642335515804
Nuclei_RadialDistribution_MeanFrac_GFP_1of4	0.02128410140364622	0.08259434638285686	0.03647863708437145	0.04678569495695817
Nuclei_AreaShape_Zernike_8_4	0.021008334865464714	0.05351371114718835	0.01822562014681803	0.0309158887198237
Nuclei_RadialDistribution_RadialCV_RFP_2of4	0.020909030437273997	0.019802784825430898	0.0249884148038962	0.021900076688867034
Nuclei_Texture_Contrast_GFP_3_02_256	0.020653662645534115	0.01826052469090615	0.011968995396583491	0.01696106091100792
Cytoplasm_Texture_InfoMeas1_RFP_3_02_256	0.01983868591840168	0.3620580742670714	0.24085991963688902	0.20758555994078734
Cytoplasm_RadialDistribution_FracAtD_RFP_1of4	0.019800297703543208	0.05489835140760667	0.002649987222345138	0.02578287877783167
Cells_RadialDistribution_MeanFrac_GFP_1of4	0.019243373508666322	4.518574349829173e-06	0.08881530337662759	0.03602106515321458
Cytoplasm_Texture_InfoMeas1_GFP_3_02_256	0.018886898529235863	0.16667605668493066	0.19873940380296126	0.1281007863390426
Cytoplasm_Texture_InverseDifferenceMoment_RFP_3_00_256	0.018704187404588964	0.11646977197616927	0.011752606855446272	0.04897552207873484
Nuclei_AreaShape_Zernike_6_6	0.018001087898146848	0.03757141876576712	0.036013132718240415	0.03052854646071813
Cytoplasm_Texture_Contrast_RFP_3_01_256	0.017724108231226478	0.11715796111622481	0.1025000291061125	0.07912736615118793
Nuclei_RadialDistribution_FracAtD_GFP_4of4	0.016854582474391654	0.053994449342662336	0.06769180922194336	0.046180280346332446
Nuclei_Intensity_MassDisplacement_CY5	0.016850294992887163	0.00014793996930043796	0.03238093431300407	0.016459723091730556
Nuclei_RadialDistribution_MeanFrac_CY5_2of4	0.01626758238364637	0.06619391340149769	0.06691864056792891	0.049793378784357654
Nuclei_AreaShape_Zernike_9_1	0.01552212103441509	0.03743873545760251	0.05160566238151479	0.03485550629117746
Nuclei_Intensity_IntegratedIntensity_CY5	0.015091870901211783	0.05970278805673538	0.010404723141957756	0.02839979403330164
Cytoplasm_AreaShape_Zernike_8_2	0.014632256304711341	0.002454747346386408	0.010254929806798489	0.009113977819298746
Cells_Texture_InfoMeas2_RFP_3_00_256	0.014090231228059219	0.1272429729407337	0.04966255074249884	0.06366525163709726
Nuclei_Correlation_Correlation_CY5_RFP	0.013355936166325112	0.060571605264089806	0.02791858771887202	0.03394870971642897
Nuclei_RadialDistribution_FracAtD_CY5_4of4	0.012935844175804288	0.018692294264940162	0.056870649843265855	0.029499596094670105
Cells_AreaShape_Zernike_8_2	0.012511709029011124	0.010458441007535046	0.0023771401091742124	0.008449096715240127
Cells_RadialDistribution_RadialCV_RFP_2of4	0.012096303897187551	0.015590332172754297	0.016680433227885566	0.014789023099275803
Cytoplasm_Correlation_RWC_RFP_DAPI	0.011292029178246376	0.14499866846211276	0.06396938035129944	0.07342002599721953
Cells_AreaShape_Zernike_8_4	0.011274173461064843	0.013011321467236233	0.040991808534374286	0.02175910115422512
Cells_RadialDistribution_RadialCV_CY5_3of4	0.010541555502365565	0.2869757164993427	0.25637358973569857	0.1846302872458023
Cells_AreaShape_Zernike_9_9	0.010386215432381815	0.004202364509236645	0.0312196370685036	0.015269405670040688
Cytoplasm_RadialDistribution_FracAtD_RFP_3of4	0.009802310059973484	0.13997153234660806	0.07146579892773465	0.07374654711143873
Cells_AreaShape_Zernike_6_4	0.009613902945928544	0.031765243280392326	0.04466152031519975	0.028680222180506875
Cells_AreaShape_Zernike_3_1	0.009134435139147011	0.02060052410524972	0.00996050400174077	0.013231821082045833
Nuclei_RadialDistribution_FracAtD_RFP_1of4	0.009107559310726642	0.09162406868127104	0.06422930294881561	0.0549869769802711
Cytoplasm_RadialDistribution_RadialCV_RFP_2of4	0.008906611415134125	0.05020951500795554	0.054702228230403965	0.037939451551164544
Cells_Texture_Contrast_DAPI_3_02_256	0.007979144195222995	0.16750893124141822	0.016583571386961943	0.06402388227453439
Nuclei_RadialDistribution_FracAtD_GFP_1of4	0.007507597819972073	0.05845214046112015	0.01731296486113166	0.027757567714074626
Cells_RadialDistribution_RadialCV_RFP_4of4	0.006747099957118885	0.002718788581067507	0.014243108488558804	0.007902999008915066
Cytoplasm_Intensity_MassDisplacement_GFP	0.006261779987068598	0.01752387572081358	0.004827251170809744	0.009537635626230641
Nuclei_RadialDistribution_RadialCV_CY5_2of4	0.0062170046787551605	0.0631758350243482	0.02915951876442976	0.03285078615584438
Nuclei_AreaShape_Eccentricity	0.00611854787377021	0.16863671749784317	0.21278879827563926	0.12918135454908422
Cytoplasm_Texture_Contrast_GFP_3_02_256	0.0060280804826210385	0.018709588521206286	0.0848761545339919	0.03653794117927308
Cells_AreaShape_Zernike_9_1	0.005966647886297593	0.022698908714275105	0.01524315560289569	0.014636237401156127
Cells_RadialDistribution_RadialCV_RFP_1of4	0.0057673832292862125	0.02581713981701142	0.040199634316695536	0.02392805245433106
Nuclei_AreaShape_Zernike_8_2	0.005390074815304342	0.033158735035354	0.04089500304512501	0.026481270965261112
Cells_Texture_InfoMeas2_RFP_3_02_256	0.00515571490869628	0.045382963047846885	0.005368074031744515	0.018635583996095894
Nuclei_RadialDistribution_MeanFrac_CY5_3of4	0.004929191544267575	0.2206577019262375	0.12456308373073331	0.11671665906707945
Cytoplasm_AreaShape_Zernike_7_3	0.004571817231673686	0.01004562898483004	0.01423298187271404	0.009616809363072588
Cells_Granularity_2_GFP	0.004548875818023445	0.010806655053316992	0.013836958574788075	0.009730829815376171
Cytoplasm_Intensity_IntegratedIntensityEdge_DAPI	0.004285917974840565	0.07894277765072032	0.07778323111200196	0.05367064224585428
Nuclei_RadialDistribution_FracAtD_DAPI_4of4	0.004117089475171869	0.008173777359246534	0.08197892205094116	0.031423262961786526
Cells_RadialDistribution_RadialCV_DAPI_4of4	0.0033095918151585975	0.048531649342251564	0.049731613826038704	0.03385761832781629
Nuclei_Intensity_LowerQuartileIntensity_GFP	0.0026338743731133926	0.14087225890281624	0.19654618491093861	0.11335077272895606
Cytoplasm_Intensity_UpperQuartileIntensity_GFP	0.0020850790085487187	0.2438037913564004	0.35817255720104	0.20135380918866305
Cytoplasm_RadialDistribution_RadialCV_RFP_3of4	0.0020034615700872966	0.03854633173958443	0.03193217328052872	0.024160655530066816
Cytoplasm_AreaShape_Zernike_9_3	0.0019659435371949395	0.023479737749596725	0.05791077463494811	0.02778548530724659
Nuclei_RadialDistribution_FracAtD_GFP_3of4	0.0015567442677333321	0.044316310078429386	0.025474323043454435	0.023782459129872386
Cytoplasm_AreaShape_Area	0.0014792317454811544	0.713878817276672	0.39868638066785783	0.37134814323000365
Cells_RadialDistribution_RadialCV_GFP_3of4	0.0011560684068538443	0.10790197794435516	0.14043001433038085	0.08316268689386329
Cells_AreaShape_Zernike_7_7	0.0011363930454088558	0.042781510430426536	0.03727438321212399	0.02706409556265313
Nuclei_AreaShape_Zernike_9_7	0.0009601605773119069	0.024375845764341226	0.009582235125437934	0.01163941382236369
Cells_Intensity_MeanIntensityEdge_GFP	0.0002445886379863964	0.34538259269011723	0.3877023659283903	0.2444431824188313
