HET	Null	WT	feature	compartment
0.896002329797869	-0.7362908392346353	0.0986195128338137	Cytoplasm_Correlation_RWC_CY5_RFP	actin
0.3430394488459901	1.5034484663475125	-2.3983427613843102	Cytoplasm_Granularity_1_RFP	actin
0.4535663743116313	-0.924670969095579	0.8395676797062188	Cytoplasm_Intensity_IntegratedIntensity_RFP	actin
0.7858102323457441	-1.2043979984075484	0.9287532534720324	Cytoplasm_Intensity_LowerQuartileIntensity_RFP	actin
-0.6691582441085787	0.1158391241248587	1.0805197577910162	Cytoplasm_Intensity_MADIntensity_RFP	actin
0.9235307445922228	-2.719065371342646	1.6277286769698822	Cytoplasm_Intensity_MassDisplacement_RFP	actin
-0.7195255898583699	0.1244336753945103	0.422192396117687	Cytoplasm_Intensity_MaxIntensityEdge_RFP	actin
0.5652109572936962	-0.537977082986754	0.9871517702849818	Cytoplasm_Intensity_StdIntensityEdge_RFP	actin
-0.313408572258976	-0.7206713245595017	0.3319026462555881	Cytoplasm_RadialDistribution_FracAtD_RFP_1of4	actin
-0.5434362136429367	0.0620117851818541	0.4954599290056266	Cytoplasm_RadialDistribution_FracAtD_RFP_3of4	actin
-0.9302626845246734	0.3992810608722296	0.4474795431189383	Cytoplasm_RadialDistribution_FracAtD_RFP_4of4	actin
-0.1243013117711906	0.3257427005728734	-0.1637070564232489	Cytoplasm_RadialDistribution_MeanFrac_RFP_1of4	actin
0.2840428426184581	0.776487457244345	-0.7121138127190932	Cytoplasm_RadialDistribution_MeanFrac_RFP_2of4	actin
-0.129758078663507	-0.0914527752386465	0.5388823566200137	Cytoplasm_RadialDistribution_MeanFrac_RFP_3of4	actin
-0.1561498787818305	0.6431089321842225	-0.8830970118921188	Cytoplasm_RadialDistribution_MeanFrac_RFP_4of4	actin
0.1935682051558171	-1.100630777500954	1.385665234816432	Cytoplasm_RadialDistribution_RadialCV_RFP_2of4	actin
-0.4179413333236296	0.6335696685274805	-0.5913863463351323	Cytoplasm_RadialDistribution_RadialCV_RFP_3of4	actin
0.0927178397001599	-0.329638812514065	0.466807291602868	Cytoplasm_RadialDistribution_RadialCV_RFP_4of4	actin
0.3594869071302343	-1.0001662570050087	0.3601858940495795	Cytoplasm_Texture_AngularSecondMoment_RFP_3_03_256	actin
0.0023575167076615	0.3229704680207025	-0.3180614570193503	Cytoplasm_Texture_Contrast_RFP_3_00_256	actin
-0.6036808796828499	1.5377947152648337	-1.1930505163044405	Cytoplasm_Texture_Contrast_RFP_3_01_256	actin
-0.1825991809752137	0.8529411729870116	-0.8510506618546513	Cytoplasm_Texture_Contrast_RFP_3_02_256	actin
-0.5992159627278071	0.8051468481178221	-0.343433300698418	Cytoplasm_Texture_Contrast_RFP_3_03_256	actin
-2.0282457602658672	3.1542293046417016	-2.246587130551165	Cytoplasm_Texture_DifferenceEntropy_RFP_3_01_256	actin
-1.550384858075741	2.4760730217503517	-1.5298911080224116	Cytoplasm_Texture_DifferenceEntropy_RFP_3_03_256	actin
-1.3064392463622576	1.6291980092625362	-1.337520663259752	Cytoplasm_Texture_InfoMeas1_RFP_3_02_256	actin
-0.8723868666153753	0.5036586669566274	1.1189108461243755	Cytoplasm_Texture_InverseDifferenceMoment_RFP_3_00_256	actin
-1.2732140505700384	1.2226485193451622	-0.0026596176094523	Cytoplasm_Texture_InverseDifferenceMoment_RFP_3_01_256	actin
-0.255180115129075	0.8338576947168772	-0.3110446124941046	Cytoplasm_Texture_InverseDifferenceMoment_RFP_3_02_256	actin
-0.5555712699002238	0.5909352242894961	0.153534537343718	Cytoplasm_Texture_InverseDifferenceMoment_RFP_3_03_256	actin
-1.1987500763408712	0.4514363781098476	0.1676615360031615	Cells_Granularity_2_RFP	actin
0.1089531729613828	1.8651856539783584	-1.778459872244222	Cells_Intensity_MassDisplacement_RFP	actin
0.142756974115371	0.607833474096541	-0.803169836097384	Cells_Intensity_MaxIntensityEdge_RFP	actin
0.3012133973284976	1.2078518371605522	-1.7697666394528944	Cells_Intensity_MaxIntensity_RFP	actin
1.1904520486254018	0.2561829875677067	-1.559184921812967	Cells_Intensity_MeanIntensityEdge_RFP	actin
-0.3704380409789195	-0.8573684129298744	1.2429129462150603	Cells_Intensity_StdIntensityEdge_RFP	actin
-0.6869795357635317	0.3169687935796122	0.3901663610234958	Cells_RadialDistribution_FracAtD_RFP_1of4	actin
-0.6720502411660286	0.4200254195151379	0.2550802672193171	Cells_RadialDistribution_FracAtD_RFP_2of4	actin
0.1379310667141764	-1.3834900955594036	1.616620669089403	Cells_RadialDistribution_FracAtD_RFP_3of4	actin
-0.3955676125582653	0.4339499772206523	-0.5998589593493138	Cells_RadialDistribution_FracAtD_RFP_4of4	actin
0.1652721810743422	0.1653414710241202	-0.3573295828864962	Cells_RadialDistribution_MeanFrac_RFP_1of4	actin
0.5006408333056848	-0.0655793832066839	-0.898661816454584	Cells_RadialDistribution_MeanFrac_RFP_2of4	actin
-0.3099253961885088	-0.0987563440824302	0.4823321314670753	Cells_RadialDistribution_MeanFrac_RFP_3of4	actin
-0.368495689813492	-0.1895236284170034	0.554973340142722	Cells_RadialDistribution_MeanFrac_RFP_4of4	actin
-0.5143578901260744	-0.118789979980762	0.7055158283954798	Cells_RadialDistribution_RadialCV_RFP_1of4	actin
-0.0423633136202643	-0.1939887872198904	-0.0873061555864442	Cells_RadialDistribution_RadialCV_RFP_2of4	actin
0.0434108730136924	1.0879797374250224	-1.9809419798949783	Cells_RadialDistribution_RadialCV_RFP_3of4	actin
-0.0377937129444008	-0.0100605340345674	0.061556499291837	Cells_RadialDistribution_RadialCV_RFP_4of4	actin
-0.2720942095316657	-1.2160336203540072	1.2718802629363202	Cells_Texture_Correlation_RFP_3_00_256	actin
0.0093697618341806	1.0503670840309136	-1.3951134678983022	Cells_Texture_Correlation_RFP_3_01_256	actin
-1.1810447114844178	0.5476248449682084	0.0329054913012435	Cells_Texture_Correlation_RFP_3_02_256	actin
-0.8276530343536092	0.7497898609440525	-0.2616400116360258	Cells_Texture_Correlation_RFP_3_03_256	actin
-0.159143318943343	0.2477622282584543	-0.1571386925875456	Cells_Texture_InfoMeas1_RFP_3_00_256	actin
-0.239323779144562	-1.1828733162028764	1.0486563851666602	Cells_Texture_InfoMeas1_RFP_3_01_256	actin
0.008343263320194	-0.3658910707596719	0.6761707416155447	Cells_Texture_InfoMeas1_RFP_3_02_256	actin
0.0047043110962604	-0.4811926823553238	0.7280630569454775	Cells_Texture_InfoMeas1_RFP_3_03_256	actin
0.2376522741231392	-0.5742198064121673	0.1656442184092088	Cells_Texture_InfoMeas2_RFP_3_00_256	actin
-0.8953877236554553	1.1906209841279238	-0.1344194991969502	Cells_Texture_InfoMeas2_RFP_3_01_256	actin
-0.6666834146036187	0.3515102612555413	0.0545727485152622	Cells_Texture_InfoMeas2_RFP_3_02_256	actin
-0.2986391784249692	0.4288795037088078	-0.1199164673144474	Cells_Texture_InfoMeas2_RFP_3_03_256	actin
-0.1847743652200501	-0.153199289907089	0.62159418062865	Nuclei_Correlation_Correlation_CY5_RFP	actin
0.0327109632466826	-2.468988337562019	2.182002160418361	Nuclei_Correlation_K_RFP_CY5	actin
-1.2174934008523068	0.3168360577468161	0.7909278521777596	Nuclei_Correlation_Overlap_CY5_RFP	actin
0.1075554440351625	-1.8247647753691685	1.4036564358853512	Nuclei_Correlation_RWC_CY5_RFP	actin
-0.4257047984965635	-0.2242074502928727	1.0135032174173024	Nuclei_Correlation_RWC_RFP_CY5	actin
0.9173203582530224	-0.2832156601031416	-1.1664666292375243	Nuclei_Granularity_1_RFP	actin
1.4448119036816849	-1.625368916663097	0.7195214528418283	Nuclei_Intensity_IntegratedIntensityEdge_RFP	actin
-0.3643027811145805	0.4812945980675461	-0.3945590901891205	Nuclei_Intensity_IntegratedIntensity_RFP	actin
0.1423953664691848	-0.037181520305201	0.5380832465410595	Nuclei_Intensity_MADIntensity_RFP	actin
0.2578083432273736	-0.7414122016401307	0.3785048237440104	Nuclei_Intensity_MassDisplacement_RFP	actin
-0.094251746694851	0.7575040879199282	-0.5307601107989696	Nuclei_Intensity_MaxIntensity_RFP	actin
1.3173018711250226	-2.5376216375497878	2.148964144908766	Nuclei_Intensity_MedianIntensity_RFP	actin
-0.6174012680746787	0.9934477265884362	-0.0901396249689806	Nuclei_Intensity_StdIntensityEdge_RFP	actin
-0.0338005209924985	0.2021849182604721	-0.3034811744393815	Nuclei_RadialDistribution_FracAtD_RFP_1of4	actin
-0.5439411298963689	0.079831928027847	0.3455885256612143	Nuclei_RadialDistribution_FracAtD_RFP_2of4	actin
-0.2288111942525441	0.0970649056931531	-0.1778406067125573	Nuclei_RadialDistribution_FracAtD_RFP_3of4	actin
-0.4032303902351934	-0.3579244099717169	0.7424535430593737	Nuclei_RadialDistribution_FracAtD_RFP_4of4	actin
0.330847879783647	-0.2126273844047287	-0.3014865779387563	Nuclei_RadialDistribution_MeanFrac_RFP_1of4	actin
0.1952113162402374	-0.1749903342618482	0.1059581020533047	Nuclei_RadialDistribution_MeanFrac_RFP_2of4	actin
-1.1986521824117975	1.0280580256617289	-0.2409681239010568	Nuclei_RadialDistribution_MeanFrac_RFP_3of4	actin
0.0745100855815215	-0.1089059392122012	0.3186827324666874	Nuclei_RadialDistribution_MeanFrac_RFP_4of4	actin
-0.6793081764881181	0.0578495057593762	0.9424518138890668	Nuclei_RadialDistribution_RadialCV_RFP_1of4	actin
0.5581111844871799	-0.2927844238745065	0.0755111904321288	Nuclei_RadialDistribution_RadialCV_RFP_2of4	actin
-0.1560646678673324	0.0819418336771885	0.0897816269866723	Nuclei_RadialDistribution_RadialCV_RFP_3of4	actin
-0.7391631792801873	0.6577612203043359	0.2616530498836905	Nuclei_RadialDistribution_RadialCV_RFP_4of4	actin
-0.3617583273915672	-0.3327943678766581	0.8881571018339788	Nuclei_Texture_Contrast_RFP_3_00_256	actin
-0.0060854562843731	-0.2971940321250699	0.6054087757078884	Nuclei_Texture_Contrast_RFP_3_01_256	actin
-0.2220750017228947	-0.1831113312547439	0.7490319286167828	Nuclei_Texture_Contrast_RFP_3_02_256	actin
-0.1364836600575656	-0.6935328499909128	1.374790259680475	Nuclei_Texture_Contrast_RFP_3_03_256	actin
0.7893799214309399	0.6454104475385556	-1.2050416163615143	Nuclei_Texture_Correlation_RFP_3_00_256	actin
0.1142901568106009	-0.5118161151831787	0.3004292607468506	Nuclei_Texture_Correlation_RFP_3_01_256	actin
0.836126879895895	0.8531708655413085	-0.7806344790844171	Nuclei_Texture_Correlation_RFP_3_02_256	actin
0.0131209633404027	-0.2449053160513559	0.1085543872850651	Nuclei_Texture_Correlation_RFP_3_03_256	actin
-0.2706626288469883	-1.185723616356858	1.1814074486863138	Nuclei_Texture_DifferenceEntropy_RFP_3_00_256	actin
0.1954561058384249	-0.8930410839119647	0.5450577555308563	Nuclei_Texture_DifferenceEntropy_RFP_3_01_256	actin
0.0522456043938577	-0.0796285338013691	0.3229600267019779	Nuclei_Texture_DifferenceEntropy_RFP_3_02_256	actin
-0.0249874638911745	-0.3119315939784338	0.4632205631198947	Nuclei_Texture_DifferenceEntropy_RFP_3_03_256	actin
0.9752923768878704	-0.7898817725566948	0.0361424498329908	Nuclei_Texture_InfoMeas1_RFP_3_00_256	actin
0.7289163287977878	1.0082286180284714	-1.066919523182201	Nuclei_Texture_InfoMeas1_RFP_3_02_256	actin
-0.4930794614829965	0.2339691710002867	0.2857629721595311	Nuclei_Texture_InfoMeas2_RFP_3_00_256	actin
0.3340171294939109	-0.5727554506052813	0.2660257876685659	Nuclei_Texture_InfoMeas2_RFP_3_01_256	actin
-0.0224984771794775	1.3466170745793231	-1.3580278235786232	Nuclei_Texture_InfoMeas2_RFP_3_02_256	actin
-0.5586213890012095	-0.5965214210170258	0.4901703982338773	Nuclei_Texture_InfoMeas2_RFP_3_03_256	actin
-0.9851354118387552	1.5644901742311028	-0.7683222554271019	Nuclei_Texture_InverseDifferenceMoment_RFP_3_00_256	actin
-1.0400734014927493	1.198370145202069	-0.7220851905517616	Nuclei_Texture_InverseDifferenceMoment_RFP_3_01_256	actin
-0.1942341234760258	0.3931085910491689	-0.6785119744897526	Nuclei_Texture_InverseDifferenceMoment_RFP_3_02_256	actin
-0.8854327684321888	0.1551088786863781	0.2916305421445853	Nuclei_Texture_InverseDifferenceMoment_RFP_3_03_256	actin
-0.1295358878431149	0.4919150377555681	-0.512372327079863	Nuclei_Texture_SumEntropy_RFP_3_00_256	actin
0.1024635504874829	0.0533441317923157	-0.724429258042209	Cytoplasm_Intensity_IntegratedIntensityEdge_GFP	er
-1.218483808760492	2.11010196800005	-1.625101718882675	Cytoplasm_Intensity_IntegratedIntensity_GFP	er
1.7929556092815646	-0.606754077092452	-0.4025889203322204	Cytoplasm_Intensity_LowerQuartileIntensity_GFP	er
-0.3433051780924251	0.3849515279385059	-0.5304482863223199	Cytoplasm_Intensity_MassDisplacement_GFP	er
0.2609290868374256	0.4945198530323097	-0.7611033957221274	Cytoplasm_Intensity_MaxIntensityEdge_GFP	er
-0.4966695360668438	0.8096668013554094	-0.1475210653389808	Cytoplasm_Intensity_MeanIntensityEdge_GFP	er
0.8912871013898558	-1.1466136562679785	-0.910698541570787	Cytoplasm_Intensity_MedianIntensity_GFP	er
0.5044915962936097	1.511262065296224	-2.276418034951501	Cytoplasm_Intensity_StdIntensityEdge_GFP	er
-0.2881985020840094	1.078660608432439	-2.631463701120484	Cytoplasm_Intensity_UpperQuartileIntensity_GFP	er
-0.8920269175187349	0.6329755626188538	-0.06080721344531	Cytoplasm_RadialDistribution_FracAtD_GFP_1of4	er
0.0897546460890145	-1.5504294011599438	1.5096405393558814	Cytoplasm_RadialDistribution_MeanFrac_GFP_3of4	er
-1.2246237972102685	2.662077251840321	-1.5133916231895068	Cytoplasm_RadialDistribution_MeanFrac_GFP_4of4	er
-0.363489494691305	0.0539809314395914	0.049870457064716	Cytoplasm_RadialDistribution_RadialCV_GFP_2of4	er
-0.4587757178605682	0.5431569814874931	-0.2759291942633305	Cytoplasm_RadialDistribution_RadialCV_GFP_3of4	er
-0.4447059384536798	-0.5303191056498243	1.0917769824585346	Cytoplasm_RadialDistribution_RadialCV_GFP_4of4	er
0.5432068554874374	-1.5202835468880074	0.2269094361567697	Cytoplasm_Texture_Contrast_GFP_3_00_256	er
0.7644657917629596	-0.8126660890246459	-0.3318475325676532	Cytoplasm_Texture_Contrast_GFP_3_01_256	er
-0.3365082616926406	-0.0403334532998541	0.4085977011711526	Cytoplasm_Texture_Contrast_GFP_3_02_256	er
-0.102563147907732	-0.7573856709482246	0.4348794133215725	Cytoplasm_Texture_Contrast_GFP_3_03_256	er
-0.3814003994390915	-0.9151081167719372	1.9170843028151063	Cytoplasm_Texture_Correlation_GFP_3_00_256	er
-0.923656561022472	0.6135834129549765	0.2468442742230817	Cytoplasm_Texture_Correlation_GFP_3_01_256	er
-1.2605709570255	-0.0238486461684593	1.251161335241162	Cytoplasm_Texture_Correlation_GFP_3_02_256	er
-0.6448602982030772	-0.0214714991784305	0.881259185718246	Cytoplasm_Texture_Correlation_GFP_3_03_256	er
-2.4714597421924847	0.1544024313840566	2.136654952898301	Cytoplasm_Texture_DifferenceEntropy_GFP_3_00_256	er
-3.5413850453435693	-0.2915588958377866	3.5264611423219066	Cytoplasm_Texture_DifferenceEntropy_GFP_3_02_256	er
-2.07536504074215	0.2630104838218289	0.8153674686300818	Cytoplasm_Texture_InfoMeas1_GFP_3_00_256	er
-1.2817560956524063	-0.163253839646782	0.807915629481252	Cytoplasm_Texture_InfoMeas1_GFP_3_01_256	er
-1.4296613102238065	-0.4026787952008288	1.0050313330827314	Cytoplasm_Texture_InfoMeas1_GFP_3_02_256	er
-2.22673361034889	0.3881668583004777	1.3812987773860612	Cytoplasm_Texture_InfoMeas1_GFP_3_03_256	er
-1.4265167044632765	-1.977702616852849	2.828483610763761	Cytoplasm_Texture_InverseDifferenceMoment_GFP_3_02_256	er
0.9570390381213943	-1.8139254699963645	1.4820579817444357	Cells_Correlation_Overlap_CY5_GFP	er
-1.3897831571157224	-3.420613090521914	4.672574068542777	Cells_Granularity_1_GFP	er
0.2876358757009197	-0.2385015321806565	0.5884198453706191	Cells_Granularity_2_GFP	er
-0.5404277114400612	-0.4587632480613818	0.747614330551018	Cells_Intensity_IntegratedIntensityEdge_GFP	er
1.0228227232476677	-1.8779220079511865	0.8405407378243497	Cells_Intensity_LowerQuartileIntensity_GFP	er
-0.0465180690342672	-0.6174314260048537	0.9127959199192268	Cells_Intensity_MaxIntensityEdge_GFP	er
1.2648745177670069	-0.1932386706112542	-0.3484353513566239	Cells_Intensity_MaxIntensity_GFP	er
-0.3886269781776047	-1.9477239274373463	2.617210299833216	Cells_Intensity_MeanIntensityEdge_GFP	er
-1.3110849725691045	0.5265507207807963	0.1918989597091047	Cells_Intensity_StdIntensityEdge_GFP	er
0.2828646708166248	0.1702196113343933	-0.1515134653308315	Cells_RadialDistribution_FracAtD_GFP_1of4	er
0.1669114710955742	-0.0466376530745028	0.1968341569295528	Cells_RadialDistribution_FracAtD_GFP_2of4	er
0.3772657558812621	0.1204587992339147	-0.5602778273425304	Cells_RadialDistribution_MeanFrac_GFP_1of4	er
1.0180264552253946	-1.1629474858321251	0.3054218695795548	Cells_RadialDistribution_MeanFrac_GFP_2of4	er
0.2705853242710341	-1.3084393440338802	1.3307851977625016	Cells_RadialDistribution_MeanFrac_GFP_3of4	er
-0.5630219649166279	0.1904911447372036	0.1810897891260892	Cells_RadialDistribution_RadialCV_GFP_1of4	er
0.0524652962359049	0.3411754438482517	-0.3173982406784438	Cells_RadialDistribution_RadialCV_GFP_2of4	er
-0.0356275926602432	-0.6577193748487299	1.103499962158473	Cells_RadialDistribution_RadialCV_GFP_3of4	er
-0.071696223509565	-0.2108746224117999	0.2353597026674097	Cells_RadialDistribution_RadialCV_GFP_4of4	er
0.7058377231370612	0.7179914871179073	-1.714027330811121	Cells_Texture_Correlation_GFP_3_02_256	er
0.0784233519408339	0.0936279702638942	-0.241534187178696	Cells_Texture_InfoMeas1_GFP_3_00_256	er
0.5246960965511267	-0.0174920837770629	0.2619960186686767	Cells_Texture_InfoMeas1_GFP_3_01_256	er
-0.2196962572503868	-0.5194677802206307	1.0759718455027336	Cells_Texture_InfoMeas1_GFP_3_02_256	er
-0.3912760654711274	-0.0709706088558699	0.7086537320426749	Cells_Texture_InfoMeas1_GFP_3_03_256	er
-0.4225979243807317	-1.601794805870008	1.2624292456355275	Cells_Texture_InfoMeas2_GFP_3_00_256	er
-0.3005918245655164	-0.7540669115600711	1.632291780545705	Nuclei_Correlation_Correlation_CY5_GFP	er
-0.759099828598997	-0.2013543077337273	0.8539863279240192	Nuclei_Correlation_Overlap_CY5_GFP	er
-0.8827033821886365	3.151028047253522	-2.918560867090221	Nuclei_Correlation_RWC_CY5_GFP	er
1.5117913858916572	-1.0028693310311336	-0.0435596968042693	Nuclei_Correlation_RWC_GFP_CY5	er
0.7107835153716657	0.6091687911860943	-0.5269995744959212	Nuclei_Granularity_1_GFP	er
-0.8250490711987526	0.6345144685455426	-0.3894365612188036	Nuclei_Intensity_IntegratedIntensity_GFP	er
-0.2550496763335623	1.594985542054634	-0.9337281957889828	Nuclei_Intensity_LowerQuartileIntensity_GFP	er
-1.2797849817151066	1.8083137924098005	-1.6135356124995457	Nuclei_Intensity_MADIntensity_GFP	er
-1.0622580828900323	0.2814545403675303	0.9110261906773708	Nuclei_Intensity_MassDisplacement_GFP	er
-0.5740580240797685	-0.2216461071724531	0.6425174484141691	Nuclei_Intensity_MaxIntensity_GFP	er
1.2019155495628135	2.3632283851556304	-3.3514847202807587	Nuclei_Intensity_MeanIntensityEdge_GFP	er
-0.3219012065570426	0.3681514771974007	0.6516107974176256	Nuclei_Intensity_MinIntensityEdge_GFP	er
-0.8530398644942785	-1.8185548691215687	3.171154152816457	Nuclei_Intensity_MinIntensity_GFP	er
0.6551543313519678	-1.9080359715227784	0.957404284142338	Nuclei_Intensity_StdIntensityEdge_GFP	er
-0.2544959718865469	-0.106325343618815	0.3212766084256915	Nuclei_RadialDistribution_FracAtD_GFP_1of4	er
-0.5603896506159155	0.770794117118368	-0.7112715220979773	Nuclei_RadialDistribution_FracAtD_GFP_2of4	er
0.463106631383516	-1.0748928660865935	0.6214214021819197	Nuclei_RadialDistribution_FracAtD_GFP_3of4	er
-0.7903284073306049	0.1202154559274105	0.5885772163197933	Nuclei_RadialDistribution_FracAtD_GFP_4of4	er
0.3298674382409038	-0.865307850643978	0.2677920645133025	Nuclei_RadialDistribution_MeanFrac_GFP_1of4	er
0.2193644325237094	0.5935358618714376	-1.1519161952104835	Nuclei_RadialDistribution_MeanFrac_GFP_2of4	er
-0.329332985436781	-0.1331477089587869	0.5171375419843236	Nuclei_RadialDistribution_MeanFrac_GFP_3of4	er
-0.5931480755208283	0.862028703621789	-0.0051026821166217	Nuclei_RadialDistribution_MeanFrac_GFP_4of4	er
-0.6413797553101803	0.5231929629963633	0.390909619681158	Nuclei_RadialDistribution_RadialCV_GFP_1of4	er
-0.5997037470909646	0.0783874095628242	0.3160199342435256	Nuclei_RadialDistribution_RadialCV_GFP_2of4	er
-0.7304090161008102	1.6993518369211231	-1.7646519811075851	Nuclei_RadialDistribution_RadialCV_GFP_3of4	er
0.8864542198854889	-0.0312741472135152	-0.4127924752884196	Nuclei_RadialDistribution_RadialCV_GFP_4of4	er
0.6367732216070832	-2.311781942296512	1.6078192311366726	Nuclei_Texture_Contrast_GFP_3_00_256	er
0.0531002185941465	-0.3487768344424816	0.1515113739679607	Nuclei_Texture_Contrast_GFP_3_02_256	er
0.2726214618362813	0.2768077534096921	-1.1498686823056026	Nuclei_Texture_Correlation_GFP_3_00_256	er
-0.0043784059625913	-0.2815699179935221	0.1574497365950779	Nuclei_Texture_Correlation_GFP_3_01_256	er
0.4092598654927664	0.5918411597686165	-1.1947988898630713	Nuclei_Texture_Correlation_GFP_3_02_256	er
-0.296353600071873	-0.2017769238820772	0.3454682166935135	Nuclei_Texture_Correlation_GFP_3_03_256	er
-0.450231311311638	4.404729936900505	-4.883999148803431	Nuclei_Texture_InfoMeas1_GFP_3_00_256	er
0.4477109908150171	2.5718475815298363	-1.8953549694496612	Nuclei_Texture_InfoMeas2_GFP_3_00_256	er
3.1517839811088635	-1.571622950347197	-2.504163539661008	Cytoplasm_Correlation_Correlation_CY5_DAPI	nucleus
1.5805080601402084	-1.6175910443175028	-0.0082727696096575	Cytoplasm_Correlation_K_DAPI_CY5	nucleus
-0.6463058763067352	0.3807254291425339	-0.3605091823681268	Cytoplasm_Correlation_Overlap_CY5_DAPI	nucleus
0.0459330083960344	-0.5165421377055472	-1.877458365660244	Cytoplasm_Correlation_RWC_CY5_DAPI	nucleus
0.4782357530658273	0.7321286810857042	-0.9579156143919116	Cytoplasm_Correlation_RWC_DAPI_CY5	nucleus
0.6856493353102519	-0.3514701998633872	0.2210423979523978	Cytoplasm_Granularity_1_DAPI	nucleus
-1.8127758806891543	2.0121280085998934	-1.1661999973808463	Cytoplasm_Intensity_IntegratedIntensityEdge_DAPI	nucleus
-0.5133924893034082	-0.1538220626114863	1.261686533515879	Cytoplasm_Intensity_IntegratedIntensity_DAPI	nucleus
1.5278467243897238	-0.2556763135380486	-0.5136788245976048	Cytoplasm_Intensity_LowerQuartileIntensity_DAPI	nucleus
-1.7591162407434795	1.0770625383558332	-1.2133559121419637	Cytoplasm_Intensity_MADIntensity_DAPI	nucleus
1.6380745387918048	-1.197606362300092	0.4576380085353881	Cytoplasm_Intensity_MassDisplacement_DAPI	nucleus
-1.2738775612085065	0.4924557022128598	1.2430198154344707	Cytoplasm_Intensity_MaxIntensity_DAPI	nucleus
2.537762045692226	-1.473236710791104	-2.265212275224919	Cytoplasm_Intensity_MeanIntensityEdge_DAPI	nucleus
-0.9323443189260108	0.5018613211743395	-0.5427203998683799	Cytoplasm_Intensity_MedianIntensity_DAPI	nucleus
-2.0913243693559527	0.3760645537903339	2.242682678761353	Cytoplasm_Intensity_StdIntensityEdge_DAPI	nucleus
-1.1158669383135191	-0.8228320405640865	4.280619763889329	Cytoplasm_Intensity_StdIntensity_DAPI	nucleus
0.7559427897161023	0.6066337812511606	-2.364619111767569	Cytoplasm_Intensity_UpperQuartileIntensity_DAPI	nucleus
-1.2661643154836308	1.2428365439620503	-1.393974925127819	Cytoplasm_RadialDistribution_FracAtD_DAPI_3of4	nucleus
0.2846240750109562	-0.1748064372491378	0.8446330770974951	Cytoplasm_RadialDistribution_FracAtD_DAPI_4of4	nucleus
-0.0861932242993677	1.7899255983549605	-2.72877317090222	Cytoplasm_RadialDistribution_MeanFrac_DAPI_3of4	nucleus
1.192630821851972	-0.1045701753674467	-0.6033474590482353	Cytoplasm_RadialDistribution_MeanFrac_DAPI_4of4	nucleus
1.919508972094692	-1.9407331080443944	-1.3706881144860088	Cytoplasm_RadialDistribution_RadialCV_DAPI_2of4	nucleus
1.0004079353176945	-1.1574433889944324	1.639560787929797	Cytoplasm_RadialDistribution_RadialCV_DAPI_3of4	nucleus
-0.1375134670558971	-0.6119519914824694	1.2845198336127173	Cytoplasm_RadialDistribution_RadialCV_DAPI_4of4	nucleus
0.2255253314929746	0.3834758326889719	-0.1777119955297381	Cytoplasm_Texture_Contrast_DAPI_3_00_256	nucleus
-0.9492650420984612	-0.0921797847014955	1.4282214808076554	Cytoplasm_Texture_Contrast_DAPI_3_01_256	nucleus
0.6807468902203277	-0.7772564935596623	0.4622106407191324	Cytoplasm_Texture_Contrast_DAPI_3_02_256	nucleus
0.0518313608506485	-0.3468789149507009	1.4515184783439643	Cytoplasm_Texture_Contrast_DAPI_3_03_256	nucleus
1.273666979535394	-0.3240395098250351	-1.1311410842740652	Cytoplasm_Texture_Correlation_DAPI_3_00_256	nucleus
2.617446676276162	-0.079295278378286	-3.027963668914992	Cytoplasm_Texture_Correlation_DAPI_3_01_256	nucleus
1.8000388354780343	-2.278133798260612	0.3418480790714207	Cytoplasm_Texture_Correlation_DAPI_3_02_256	nucleus
3.1406603585549355	-0.9514294424424264	-3.855600179250216	Cytoplasm_Texture_Correlation_DAPI_3_03_256	nucleus
7.050764634120649	-1.8784797485264169	-6.682996712013042	Cytoplasm_Texture_InfoMeas1_DAPI_3_00_256	nucleus
8.570123474322127	-2.867273876924377	-6.632270065086471	Cytoplasm_Texture_InfoMeas1_DAPI_3_02_256	nucleus
2.901250075012984	-1.16112454975885	-0.2762072642894276	Cytoplasm_Texture_InfoMeas2_DAPI_3_01_256	nucleus
4.7523600455875945	-2.962263561422595	-0.9038312045810992	Cytoplasm_Texture_InfoMeas2_DAPI_3_03_256	nucleus
-0.6215086658467157	0.6730486394645118	0.4682086719951824	Cytoplasm_Texture_SumAverage_DAPI_3_01_256	nucleus
-0.1923861512657173	-0.8629952199972003	3.4359285454716995	Cytoplasm_Texture_SumVariance_DAPI_3_03_256	nucleus
-3.7005249892065617	4.337729103827723	-0.8736829176234839	Cells_Correlation_Correlation_CY5_DAPI	nucleus
0.0916597473616754	-2.4906434511570934	2.386620437794183	Cells_Correlation_K_DAPI_CY5	nucleus
0.7188617950331054	-2.5648006085993083	2.8067683733442665	Cells_Correlation_Overlap_CY5_DAPI	nucleus
-2.931421714382139	3.935349590238896	0.7691344133488722	Cells_Correlation_RWC_CY5_DAPI	nucleus
1.3883614803970012	-1.269387364631631	-0.3450262896370806	Cells_Correlation_RWC_DAPI_CY5	nucleus
-2.906094030309988	-0.2400877369633506	4.400670661202339	Cells_Granularity_1_DAPI	nucleus
0.4272715831934482	0.6343689999957569	-1.4209390344961983	Cells_Granularity_2_DAPI	nucleus
-2.0195933640091543	2.4077131463224686	-1.3631961177683654	Cells_Intensity_IntegratedIntensityEdge_DAPI	nucleus
0.7108026320133449	0.5652106005949	-0.5354240292297299	Cells_Intensity_LowerQuartileIntensity_DAPI	nucleus
0.4452192444896659	0.2573463143534215	-0.7790180324465176	Cells_Intensity_MADIntensity_DAPI	nucleus
0.4549298421425372	0.6855491599019753	-1.6788640925804943	Cells_Intensity_MassDisplacement_DAPI	nucleus
0.5852428155684791	-0.0953595767159182	-0.3189708366393978	Cells_Intensity_MaxIntensityEdge_DAPI	nucleus
2.2383573356866666	0.4846642598750698	-4.090343792019891	Cells_Intensity_MeanIntensityEdge_DAPI	nucleus
0.737634014041028	0.1459377382897489	-0.7629044699168084	Cells_Intensity_MedianIntensity_DAPI	nucleus
1.097974106071655	-0.1766773639652246	-1.5303058925616009	Cells_Intensity_StdIntensityEdge_DAPI	nucleus
2.06694943466439	-0.0097433416767907	-1.372102903203174	Cells_Intensity_UpperQuartileIntensity_DAPI	nucleus
0.5069538695914131	-0.0462302042232045	-0.6805019089504201	Cells_RadialDistribution_FracAtD_DAPI_1of4	nucleus
-0.4985936696395883	0.3715018132265422	0.5046099261378083	Cells_RadialDistribution_FracAtD_DAPI_3of4	nucleus
1.131410663223982	0.1092118446421504	-1.4828572273894338	Cells_RadialDistribution_MeanFrac_DAPI_3of4	nucleus
0.4435489800059976	0.6899657052625071	-1.8427559585321565	Cells_RadialDistribution_MeanFrac_DAPI_4of4	nucleus
0.0729187981919561	-0.3110555260109918	0.1033921295491845	Cells_RadialDistribution_RadialCV_DAPI_1of4	nucleus
0.0070298267865831	0.2044100961499018	-0.3750054391793693	Cells_RadialDistribution_RadialCV_DAPI_2of4	nucleus
-0.4948879656315589	-0.3881991229900107	0.8882828219826522	Cells_RadialDistribution_RadialCV_DAPI_3of4	nucleus
0.320817593902761	0.0087226065013228	-0.052459725196891	Cells_RadialDistribution_RadialCV_DAPI_4of4	nucleus
-5.5839841411462405	0.7526447951976528	-0.2872726251953071	Cells_Texture_AngularSecondMoment_DAPI_3_01_256	nucleus
-1.0041458481393437	0.9524638850257724	0.158264557358816	Cells_Texture_Contrast_DAPI_3_00_256	nucleus
-1.0656202230561036	1.0476478694887017	0.9348569196472408	Cells_Texture_Contrast_DAPI_3_02_256	nucleus
-0.6408703263606176	-0.2513080560462533	1.063960939127139	Cells_Texture_Correlation_DAPI_3_00_256	nucleus
-0.6623074323570339	-0.1914769355085863	1.0146313225388968	Cells_Texture_Correlation_DAPI_3_01_256	nucleus
-0.5983046079620474	-0.4427267904307286	1.1319990170984104	Cells_Texture_Correlation_DAPI_3_02_256	nucleus
-0.453664229808166	-0.0662812178813648	0.5888403649451609	Cells_Texture_Correlation_DAPI_3_03_256	nucleus
2.2328387373392817	-1.839673341570065	-3.5298010906231774	Cells_Texture_Entropy_DAPI_3_02_256	nucleus
8.455400471260598	-5.023981185629377	-5.798357406687706	Cells_Texture_InfoMeas1_DAPI_3_03_256	nucleus
1.145927378878423	-3.613447448719717	1.4234462463805149	Cells_Texture_InfoMeas2_DAPI_3_00_256	nucleus
4.142691553703256	-2.024127815191348	3.247759409193797	Cells_Texture_InverseDifferenceMoment_DAPI_3_02_256	nucleus
-3.885959999921806	2.383768517688449	3.424289221360061	Cells_Texture_SumAverage_DAPI_3_02_256	nucleus
0.694997463646403	-1.5910079604928398	1.6246228468122104	Cells_Texture_SumVariance_DAPI_3_01_256	nucleus
0.4703190673170037	1.05658429031754	-2.0576778969487	Nuclei_Correlation_Correlation_CY5_DAPI	nucleus
-0.4669395104235871	-0.60188870483324	0.83637663355149	Nuclei_Correlation_Overlap_CY5_DAPI	nucleus
-0.4831613382262192	0.1706412747274098	0.6091424308273049	Nuclei_Correlation_RWC_CY5_DAPI	nucleus
-0.2856335838446262	1.904804610656344	-2.3563064866715497	Nuclei_Correlation_RWC_DAPI_CY5	nucleus
-1.7952341435831296	1.902667480423052	0.9986390550484348	Nuclei_Granularity_1_DAPI	nucleus
-1.3014791722277683	2.3980846385592978	-1.6278134943278846	Nuclei_Intensity_IntegratedIntensityEdge_DAPI	nucleus
-1.3153814717877126	1.8555992606014655	0.0864485455228216	Nuclei_Intensity_IntegratedIntensity_DAPI	nucleus
1.819936033764948	-1.4016218015256323	-1.5709702703781592	Nuclei_Intensity_LowerQuartileIntensity_DAPI	nucleus
0.8604884129189007	0.1851809004604392	-1.4067651849534026	Nuclei_Intensity_MADIntensity_DAPI	nucleus
0.7902072336405715	-1.563933283319433	0.7851806465399075	Nuclei_Intensity_MassDisplacement_DAPI	nucleus
0.7203367113510475	-0.0382185118269788	-0.9250051949241574	Nuclei_Intensity_MaxIntensity_DAPI	nucleus
1.0090150011972354	1.8533517905927384	-3.975627846214772	Nuclei_Intensity_MinIntensity_DAPI	nucleus
-0.1916712330365861	1.3544421232329535	-2.4345671692546325	Nuclei_Intensity_StdIntensityEdge_DAPI	nucleus
0.5764677294380973	0.3876134914087733	-0.9735441834578392	Nuclei_RadialDistribution_FracAtD_DAPI_1of4	nucleus
-0.4963050231954869	-0.6537060960657366	0.7167209963202057	Nuclei_RadialDistribution_FracAtD_DAPI_2of4	nucleus
0.198804942121672	-0.8004956668883152	0.8471518719534958	Nuclei_RadialDistribution_FracAtD_DAPI_3of4	nucleus
-0.8150082816210188	0.4716961105616191	0.0673696383218582	Nuclei_RadialDistribution_FracAtD_DAPI_4of4	nucleus
0.4254025873329871	0.2270271002809021	-0.8163458589834355	Nuclei_RadialDistribution_MeanFrac_DAPI_1of4	nucleus
0.9017566254088138	-0.8115550518876795	-0.4854708049539513	Nuclei_RadialDistribution_MeanFrac_DAPI_2of4	nucleus
-1.09321820816552	0.2606846990627032	0.908900007448498	Nuclei_RadialDistribution_MeanFrac_DAPI_3of4	nucleus
-0.6229932678232374	1.5028217247225404	-1.4695905178819342	Nuclei_RadialDistribution_MeanFrac_DAPI_4of4	nucleus
1.086969917848328	0.3921216358270132	-1.4325218979311494	Nuclei_RadialDistribution_RadialCV_DAPI_1of4	nucleus
0.7855889345733732	1.031841450675386	-1.965942276555022	Nuclei_RadialDistribution_RadialCV_DAPI_2of4	nucleus
-0.4035292419447201	0.3448269614031394	-0.2335855056816935	Nuclei_RadialDistribution_RadialCV_DAPI_3of4	nucleus
0.2863935911000873	-0.596219645943956	0.7355128060555559	Nuclei_RadialDistribution_RadialCV_DAPI_4of4	nucleus
-2.110368485354136	0.7975123736740536	1.0252642852019112	Nuclei_Texture_Contrast_DAPI_3_00_256	nucleus
-1.2958826289092993	-0.5048425427931699	1.4730898983143894	Nuclei_Texture_Contrast_DAPI_3_02_256	nucleus
0.246339819225221	-0.9662928135227568	0.8998824123410339	Nuclei_Texture_Correlation_DAPI_3_00_256	nucleus
-0.7760220872924676	-0.2810298121229375	1.3019256624823683	Nuclei_Texture_Correlation_DAPI_3_01_256	nucleus
0.1949842419677982	-1.659603381073531	2.0195951113387998	Nuclei_Texture_Correlation_DAPI_3_02_256	nucleus
0.0130334426284781	-0.3208878052323136	1.2077705502913083	Nuclei_Texture_Correlation_DAPI_3_03_256	nucleus
-0.655556933360924	-0.0942215374470605	-0.2340507148420336	Nuclei_Texture_InfoMeas2_DAPI_3_01_256	nucleus
0.350980180352878	0.669128727701431	-0.9988189023473224	Cytoplasm_AreaShape_Area	other
-0.1502618524051133	-0.1091431849420711	-0.2965550162760799	Cytoplasm_AreaShape_BoundingBoxArea	other
-1.0740274706267643	1.1055905018649983	-0.2149586663284344	Cytoplasm_AreaShape_Compactness	other
-0.6443031529197589	-0.1659283162458485	0.7950201617553158	Cytoplasm_AreaShape_Eccentricity	other
0.3307445411763564	0.2953217256238991	-1.1676053607306278	Cytoplasm_AreaShape_Extent	other
-0.337337087775413	3.3328772716203043	-3.77461040155492	Cytoplasm_AreaShape_FormFactor	other
1.1881435429138558	-0.0414054445195607	-1.546955463069817	Cytoplasm_AreaShape_MajorAxisLength	other
2.0221758532515084	1.826603683187893	-3.59638318428562	Cytoplasm_AreaShape_MeanRadius	other
-0.0612191846290346	0.5969816049841998	-0.8733243869510393	Cytoplasm_AreaShape_MinorAxisLength	other
-0.953801411550439	1.0112899208791606	-1.3973243847189871	Cytoplasm_AreaShape_Solidity	other
0.0751762525511117	-0.2745758405394896	-0.3123098480481642	Cytoplasm_AreaShape_Zernike_1_1	other
0.4502695396385142	-0.722951646073803	-0.7747145319523697	Cytoplasm_AreaShape_Zernike_2_0	other
0.306451885244165	0.4751326249604663	-1.093345055988195	Cytoplasm_AreaShape_Zernike_2_2	other
-0.1237424481005805	0.1684113732087964	-0.1679225518808675	Cytoplasm_AreaShape_Zernike_3_1	other
-0.0181373502599242	-0.2678091529033221	0.3172740278102124	Cytoplasm_AreaShape_Zernike_4_0	other
0.0117358783087947	0.2676701017239969	-0.5141455359836683	Cytoplasm_AreaShape_Zernike_4_2	other
-0.3400847738867862	0.2691376643581221	0.0052142024272935	Cytoplasm_AreaShape_Zernike_5_1	other
0.0429446146916476	-0.0856107664251003	-0.0756453451600323	Cytoplasm_AreaShape_Zernike_5_3	other
0.0009948854924817	0.114217188810478	-0.1297766994448688	Cytoplasm_AreaShape_Zernike_6_0	other
-0.1696381885625351	-0.0282706703609533	0.0240510632385842	Cytoplasm_AreaShape_Zernike_6_2	other
0.143565520147115	-0.1793961354633882	0.2104681754181937	Cytoplasm_AreaShape_Zernike_7_1	other
0.1883831390786673	0.1203005116772846	-0.1350880490553022	Cytoplasm_AreaShape_Zernike_7_3	other
-0.2313735586537935	0.0584634615540919	0.1478862238452626	Cytoplasm_AreaShape_Zernike_8_0	other
-0.2094074182037649	0.1371087958748151	0.256217460632718	Cytoplasm_AreaShape_Zernike_8_2	other
0.0064725219999174	-0.2081410227558921	0.3402716619518351	Cytoplasm_AreaShape_Zernike_8_4	other
-0.2771074932706663	0.2494132052188222	-0.0889288651048856	Cytoplasm_AreaShape_Zernike_9_1	other
-0.2064681410635146	-0.1187142271943163	0.4895130685118702	Cytoplasm_AreaShape_Zernike_9_3	other
0.0393696053336757	-0.4992871146407738	0.6917713362125283	Cytoplasm_AreaShape_Zernike_9_5	other
0.1523614777359191	0.0074810617882756	-0.0706972704683543	Cytoplasm_AreaShape_Zernike_9_7	other
1.6056104946325804	-2.494713671137034	1.7486346386560838	Cytoplasm_Intensity_IntegratedIntensityEdge_CY5	other
-0.5837609064643592	0.2754675721369161	0.4758449209957311	Cytoplasm_Intensity_MADIntensity_CY5	other
-0.0997976965811539	0.4987125571671408	-0.4110776761686587	Cytoplasm_Intensity_MaxIntensityEdge_CY5	other
-0.3412206944098982	0.0163947234761419	0.7321617359842381	Cytoplasm_Intensity_MeanIntensityEdge_CY5	other
-0.4167438512255225	-0.8891496825905262	1.7898889069317765	Cytoplasm_Intensity_MedianIntensity_CY5	other
-0.0273033162408832	0.123349265517322	0.3105237136032787	Cytoplasm_RadialDistribution_FracAtD_CY5_2of4	other
-0.4814594339333041	0.7473579956202858	-0.4999822264246385	Cytoplasm_RadialDistribution_MeanFrac_CY5_2of4	other
-0.2637545921802889	1.3600855942475172	-1.6272905318544206	Cytoplasm_RadialDistribution_MeanFrac_CY5_3of4	other
0.033676530251593	-1.765635957585478	1.2147035667287738	Cytoplasm_RadialDistribution_MeanFrac_CY5_4of4	other
-0.4848650795563927	0.3628530931537636	-0.3806919273375979	Cytoplasm_RadialDistribution_RadialCV_CY5_1of4	other
-0.3015498721836311	1.032812556088328	-0.3990829047273582	Cytoplasm_RadialDistribution_RadialCV_CY5_2of4	other
-0.7064759256860015	0.5601820739846717	-0.4317784180479601	Cytoplasm_RadialDistribution_RadialCV_CY5_3of4	other
1.303603520718101	0.4008905673424696	-2.3094833223853315	Cytoplasm_RadialDistribution_RadialCV_CY5_4of4	other
-0.4095336967314634	-1.1491739546972553	2.084569932128804	Cells_AreaShape_FormFactor	other
-0.1979080131937374	-1.935103587424173	1.4546932233316965	Cells_AreaShape_MeanRadius	other
-0.2855131411812505	-0.9623638839792494	2.618824709122932	Cells_AreaShape_Solidity	other
-0.2237771496462315	0.1685371753835015	0.2716859728671071	Cells_AreaShape_Zernike_1_1	other
-0.2639173461843115	-0.2318920901089938	1.74484153476297	Cells_AreaShape_Zernike_2_0	other
0.074601327815533	-0.1170512473624388	0.1993150734727398	Cells_AreaShape_Zernike_3_1	other
-0.2223910873369905	0.2647817031715477	-0.1123374026217273	Cells_AreaShape_Zernike_4_0	other
-0.3099671270139619	-0.3488113661804171	0.855519019825201	Cells_AreaShape_Zernike_4_2	other
0.1563837482245461	-0.0642046624140022	-0.0747304827073098	Cells_AreaShape_Zernike_5_1	other
-0.0064016454169078	0.0907955250575343	0.0069251818313986	Cells_AreaShape_Zernike_5_3	other
0.1525843779879425	-0.3042405270022169	0.2462457916068646	Cells_AreaShape_Zernike_6_0	other
0.4017784247415917	-0.169309175116015	0.0601773277940802	Cells_AreaShape_Zernike_6_2	other
0.0322397605681698	0.1400330074637115	-0.352844745782025	Cells_AreaShape_Zernike_6_4	other
-0.1074568159826966	0.0808474989097802	-0.023158153995487	Cells_AreaShape_Zernike_7_1	other
-0.0490793448530824	0.0084209355938074	-0.0980732689154865	Cells_AreaShape_Zernike_7_3	other
0.0144595073136437	0.2057869672932187	-0.4187274504553615	Cells_AreaShape_Zernike_7_7	other
-0.136599437262598	0.1294366176188282	-0.1275888656237329	Cells_AreaShape_Zernike_8_0	other
-0.1417517082274337	0.1078581810679061	-0.0384545412255746	Cells_AreaShape_Zernike_8_2	other
-0.1143166967729588	0.1619540981939147	0.0201453446243462	Cells_AreaShape_Zernike_8_4	other
0.1837092376175797	0.1624532875261333	-0.4477764288775999	Cells_AreaShape_Zernike_8_6	other
0.2691910437414069	0.0212583988746296	-0.2530333981775363	Cells_AreaShape_Zernike_9_1	other
-0.1628020135868823	0.2937076568581548	-0.3256695094800935	Cells_AreaShape_Zernike_9_3	other
0.0096028139536874	0.4296708956073881	-0.516446828727082	Cells_AreaShape_Zernike_9_5	other
-0.2788781588193351	0.0336990741432191	0.3576691433856143	Cells_AreaShape_Zernike_9_9	other
1.5049986470123184	0.7749077061534156	-2.0896717970113645	Cells_Granularity_1_CY5	other
-0.2673600604886346	0.6138182316216845	0.294858518916969	Cells_Intensity_IntegratedIntensityEdge_CY5	other
-0.6459048691278411	0.6278754845622603	-0.1406429854643867	Cells_Intensity_MADIntensity_CY5	other
0.3720211536130137	-0.1326688151733716	-0.1945428262479271	Cells_Intensity_MaxIntensityEdge_CY5	other
-1.7505192802413132	1.464215428690256	0.0643361504000944	Cells_Intensity_MeanIntensityEdge_CY5	other
0.1122098203914991	1.840992152247294	-2.4986348917877628	Cells_Intensity_StdIntensityEdge_CY5	other
-0.18122325905543	-0.1982805410284507	0.758973332749485	Cells_Neighbors_FirstClosestDistance_Adjacent	other
-0.837372745914179	0.61871347782269	0.3521754530769739	Cells_RadialDistribution_FracAtD_CY5_1of4	other
-0.0276974765065184	1.421809751177912	-1.5409193332164703	Cells_RadialDistribution_FracAtD_CY5_3of4	other
-1.078155972984784	0.0322041402309913	0.4474840387055419	Cells_RadialDistribution_MeanFrac_CY5_1of4	other
-0.6661975963491963	0.683197011862325	-0.1601731290184298	Cells_RadialDistribution_MeanFrac_CY5_2of4	other
-0.7057727880828472	2.076367865291495	-2.239974906967509	Cells_RadialDistribution_MeanFrac_CY5_3of4	other
0.1142748209493947	0.6776148203076334	-0.5998636059478571	Cells_RadialDistribution_RadialCV_CY5_1of4	other
-0.5855069628260033	0.0019639047503891	0.4021896496205049	Cells_RadialDistribution_RadialCV_CY5_2of4	other
0.7050345720814023	1.599942470912014	-2.603777746439213	Cells_RadialDistribution_RadialCV_CY5_3of4	other
0.0109990609667133	0.4436247097372901	-0.3687892945087692	Cells_RadialDistribution_RadialCV_CY5_4of4	other
-0.5704221231724075	1.5135537989804029	-0.5470239359657972	Nuclei_AreaShape_Compactness	other
0.0305824184717259	0.1867401225401032	-0.0103276431028854	Nuclei_AreaShape_Eccentricity	other
-0.0590894580467762	-0.6142131321840583	0.3186705229768026	Nuclei_AreaShape_Extent	other
-1.5659513601781034	1.7309625777370388	-0.2009171703724242	Nuclei_AreaShape_FormFactor	other
-1.459804498786337	-1.3881809422935247	2.283914756424595	Nuclei_AreaShape_MajorAxisLength	other
-0.432666885412639	-0.7042417026754381	1.3351604139273885	Nuclei_AreaShape_MinFeretDiameter	other
-0.0346869474111458	-0.0406388658728234	0.0912333438113361	Nuclei_AreaShape_Orientation	other
-0.1256219976637125	-0.6209338260902286	0.1781831114010659	Nuclei_AreaShape_Solidity	other
-1.020137449433884	0.0286088466707283	0.6536132597510982	Nuclei_AreaShape_Zernike_0_0	other
-0.2075638300321632	-0.3185497080611857	0.5645003014847525	Nuclei_AreaShape_Zernike_1_1	other
-1.217794355572615	0.0825272887719568	0.7628944631078088	Nuclei_AreaShape_Zernike_2_0	other
0.3920516759886613	-0.4513225101954229	0.1673835054695657	Nuclei_AreaShape_Zernike_2_2	other
-0.0495950139228566	0.1205559788156125	0.0036657829042481	Nuclei_AreaShape_Zernike_3_1	other
0.3211481781827899	-0.4881000817579141	0.2850375187795079	Nuclei_AreaShape_Zernike_3_3	other
0.3083995779477745	-0.2857251813461147	-0.0633828560692394	Nuclei_AreaShape_Zernike_4_0	other
-0.2056963554408641	-0.2668888865745865	0.3624222212513835	Nuclei_AreaShape_Zernike_4_2	other
0.9965736275514524	-0.7628271003139399	0.0847726678060619	Nuclei_AreaShape_Zernike_4_4	other
0.2286942845653605	0.0793969867778547	-0.3840068400508122	Nuclei_AreaShape_Zernike_5_1	other
-0.0099637911687555	-0.0980280240636942	0.0810311768743591	Nuclei_AreaShape_Zernike_5_3	other
0.4008595363830849	-0.6782925740232393	0.3235819550421496	Nuclei_AreaShape_Zernike_5_5	other
-0.1957387357072735	0.2689642872051256	-0.2341710871610109	Nuclei_AreaShape_Zernike_6_0	other
0.5156051296275226	-0.1540049308633001	-0.1184091754611337	Nuclei_AreaShape_Zernike_6_2	other
-0.0924305309592741	0.108170947291392	-0.3232897677182291	Nuclei_AreaShape_Zernike_6_4	other
-0.021270953489052	-0.4977444529603471	0.5447570767705565	Nuclei_AreaShape_Zernike_6_6	other
0.1712304338247231	-0.0299768743127337	-0.2322686721803455	Nuclei_AreaShape_Zernike_7_1	other
-0.0393981867615826	0.1181352786993469	-0.0180273457171951	Nuclei_AreaShape_Zernike_7_3	other
0.1902090121868092	-0.0008292221565588	-0.229263315161719	Nuclei_AreaShape_Zernike_7_5	other
-0.301334464359159	0.1880132780712622	-0.0870359004050393	Nuclei_AreaShape_Zernike_7_7	other
-0.0912743842201488	-0.0198397887826055	0.2207928376081493	Nuclei_AreaShape_Zernike_8_0	other
-0.140644763844046	0.3074250260300779	-0.2715668945370276	Nuclei_AreaShape_Zernike_8_2	other
0.2497012387075119	-0.1884318292663106	-0.0593566834812145	Nuclei_AreaShape_Zernike_8_4	other
-0.3537966440682755	-0.1149149190501372	0.6856365785662274	Nuclei_AreaShape_Zernike_8_6	other
0.2397899287831182	-0.5306669315893496	0.6168475319921632	Nuclei_AreaShape_Zernike_8_8	other
-0.0746014813013691	0.0670084503902834	0.0267798166278368	Nuclei_AreaShape_Zernike_9_1	other
-0.0263728089936493	0.1931840362570665	-0.1250500078868036	Nuclei_AreaShape_Zernike_9_3	other
0.0475604907604064	-0.0228406840673496	-0.0250003929454891	Nuclei_AreaShape_Zernike_9_5	other
-0.1315802141121665	-0.1659877989088538	0.3579611682068281	Nuclei_AreaShape_Zernike_9_7	other
-0.0059789464690484	-0.2873055504553897	0.5483364356682046	Nuclei_AreaShape_Zernike_9_9	other
-0.6016571131001257	-1.4489592703014402	1.3961984157870169	Nuclei_Granularity_1_CY5	other
-0.3296361398918661	-3.745963530781	4.243852811516264	Nuclei_Intensity_IntegratedIntensity_CY5	other
1.628706983440768	-0.9230296164116876	-0.8634476925967126	Nuclei_Intensity_MADIntensity_CY5	other
-0.0019474801037747	-0.3126111356521459	0.1812254114533197	Nuclei_Intensity_MassDisplacement_CY5	other
-1.3732015038036458	0.9533812812669844	0.4696508100645835	Nuclei_Intensity_StdIntensityEdge_CY5	other
-0.0189029131603177	0.3762073096207348	0.0875799741013853	Nuclei_Neighbors_FirstClosestDistance_Adjacent	other
-0.7214142192906992	0.2736606046357167	0.4034898682700781	Nuclei_RadialDistribution_FracAtD_CY5_1of4	other
-0.0253047106012367	-0.2899300144704463	0.2924420319207977	Nuclei_RadialDistribution_FracAtD_CY5_2of4	other
-0.0572395174223441	-0.379745725819438	0.2089321907476986	Nuclei_RadialDistribution_FracAtD_CY5_3of4	other
-0.5531459880647073	0.1158703841425742	0.3155015099596064	Nuclei_RadialDistribution_FracAtD_CY5_4of4	other
-0.6240668237909358	0.2556464213174971	0.3913475298942281	Nuclei_RadialDistribution_MeanFrac_CY5_1of4	other
0.2394391553637048	0.0452353234759211	-0.0708063938389424	Nuclei_RadialDistribution_MeanFrac_CY5_2of4	other
-0.8943155113019932	0.2254097382203659	0.4551384674624706	Nuclei_RadialDistribution_MeanFrac_CY5_3of4	other
-0.4735000773345454	0.7225781954781699	-0.0815745651782497	Nuclei_RadialDistribution_MeanFrac_CY5_4of4	other
2.107197494296032	-0.5954253249373751	-1.4857139711084113	Nuclei_RadialDistribution_RadialCV_CY5_1of4	other
1.529689962573037	-0.5148522966955145	-0.5042446989918434	Nuclei_RadialDistribution_RadialCV_CY5_2of4	other
1.8406121353650189	-2.793335696352913	1.263101077950037	Nuclei_RadialDistribution_RadialCV_CY5_3of4	other
-0.6732565597450424	0.4818830353280238	0.0877906816272009	Nuclei_RadialDistribution_RadialCV_CY5_4of4	other
0.0853152861712281	-1.5226069447316333	1.6847700500635456	Cytoplasm_Correlation_Correlation_GFP_RFP	other
0.5559893401689671	1.3317801809159893	-3.144579031721062	Cytoplasm_Correlation_Overlap_GFP_RFP	other
0.2997810932987289	-0.0963127359008865	0.1254289141008377	Cytoplasm_Correlation_RWC_GFP_RFP	other
-2.1279496622752334	4.22748427714706	-1.739669796792192	Cytoplasm_Correlation_RWC_RFP_GFP	other
-0.1123973933101485	-3.415318750448071	2.832532454502318	Cells_Correlation_K_GFP_RFP	other
-1.6005376521175974	2.6816242889504136	-1.702115407224466	Cells_Correlation_K_RFP_GFP	other
-0.0464799069514811	0.7266659579450474	-1.3759927455978642	Nuclei_Correlation_Correlation_GFP_RFP	other
1.27614749882934	0.5333961404139769	-2.620089527199248	Nuclei_Correlation_K_GFP_RFP	other
1.5716371302838432	-1.1541220658149778	-0.7704530214854755	Nuclei_Correlation_K_RFP_GFP	other
-0.2374543881304232	-0.1988472032505034	0.6864459425230628	Nuclei_Correlation_Overlap_GFP_RFP	other
-1.252512824033371	4.838600860028646	-3.8400073277562097	Nuclei_Correlation_RWC_GFP_RFP	other
2.849304354663353	-0.6643393999345223	-1.8695275733998773	Nuclei_Correlation_RWC_RFP_GFP	other
-0.1530853726049587	-0.7026119754019771	1.4815280473346124	Cytoplasm_Correlation_Correlation_DAPI_RFP	other
0.1863957428685125	0.3907505850251243	-0.9495064399903084	Cytoplasm_Correlation_Costes_DAPI_RFP	other
-0.2853680293775397	-0.5693541383604501	0.924652836936572	Cytoplasm_Correlation_Costes_RFP_DAPI	other
2.38026933232722	0.1756557632829113	-2.764756628091198	Cytoplasm_Correlation_K_DAPI_RFP	other
-0.7857864592648147	-0.7709485209057919	2.9387663723074176	Cytoplasm_Correlation_K_RFP_DAPI	other
0.3908384400180133	-1.051789033801562	-2.306723396286651	Cytoplasm_Correlation_Manders_RFP_DAPI	other
-2.4728870574244044	1.283056123362866	1.527410522584177	Cytoplasm_Correlation_Overlap_DAPI_RFP	other
-0.0734015413351446	0.6972287295949078	-0.7094410288089942	Cytoplasm_Correlation_RWC_DAPI_RFP	other
0.8975341216081635	-1.6437313494288153	-1.4710501184383071	Cytoplasm_Correlation_RWC_RFP_DAPI	other
0.4234974427198566	1.8369102261058137	-3.463085980818636	Cells_Correlation_Correlation_DAPI_RFP	other
1.0289856560378683	0.7230109055219708	-1.7577730444980135	Cells_Correlation_Costes_DAPI_RFP	other
-0.9220005775871716	2.5238754625171285	-0.2036894576965087	Cells_Correlation_K_DAPI_RFP	other
0.2214523030092363	-0.3238318049021806	0.7689715074894794	Cells_Correlation_K_RFP_DAPI	other
1.405459996560348	-0.0152635023028097	-1.291779242082579	Cells_Correlation_Overlap_DAPI_RFP	other
-1.0597424582209904	1.1571546947091826	-0.3655757244668585	Cells_Correlation_RWC_DAPI_RFP	other
0.819263836463621	0.2475717150406295	0.0595711370745339	Cells_Correlation_RWC_RFP_DAPI	other
-0.4065418879165186	-0.1445896086877203	0.7578117858865082	Nuclei_Correlation_Correlation_DAPI_RFP	other
-1.124020837519241	-1.3420537137668005	2.266352542396631	Nuclei_Correlation_K_RFP_DAPI	other
-0.993638605521154	0.7563369685739859	-0.0225394147757722	Nuclei_Correlation_Overlap_DAPI_RFP	other
0.96469573242134	-0.6787340876130606	0.0250321840688581	Nuclei_Correlation_RWC_DAPI_RFP	other
-0.3417844161856748	1.2223898435603302	-1.3933124537305823	Nuclei_Correlation_RWC_RFP_DAPI	other
1.6617699331490574	-1.7476799115881625	-0.7054389254594469	Cytoplasm_Correlation_Correlation_DAPI_GFP	other
0.4186310691295199	2.480213290726676	-4.093248303374618	Cytoplasm_Correlation_K_DAPI_GFP	other
-0.8214284590151084	-1.333323163628715	3.3457195213958006	Cytoplasm_Correlation_K_GFP_DAPI	other
-0.3947464808889227	0.3188517341820628	-0.1812503975547934	Cytoplasm_Correlation_Overlap_DAPI_GFP	other
1.328704740850385	0.3296683761521162	-1.6606672521872772	Cytoplasm_Correlation_RWC_DAPI_GFP	other
-1.3197125615901284	2.346706113501348	-2.880838556346365	Cytoplasm_Correlation_RWC_GFP_DAPI	other
1.0424058292905094	-4.314714173130739	3.1115022368034917	Cells_Correlation_Correlation_DAPI_GFP	other
-1.6304562226201038	-0.413421318506346	0.559711928345945	Cells_Correlation_K_DAPI_GFP	other
-0.2906587095413351	1.027751495477502	0.3528191989265264	Cells_Correlation_K_GFP_DAPI	other
0.2477018406605495	-0.575745002884553	0.677186394589586	Cells_Correlation_Overlap_DAPI_GFP	other
0.1691323509483798	1.025372833009815	-1.9434116624145408	Cells_Correlation_RWC_DAPI_GFP	other
2.674248937685931	-2.5118277568588163	1.5812974433222584	Cells_Correlation_RWC_GFP_DAPI	other
0.0883595725712179	0.7817749870517723	-0.7573283461137171	Nuclei_Correlation_Correlation_DAPI_GFP	other
-0.6411688278018143	2.050652106177145	-0.442744932181876	Nuclei_Correlation_K_DAPI_GFP	other
-1.5312781483427356	-0.5477412663743737	1.694618868249796	Nuclei_Correlation_K_GFP_DAPI	other
0.6829928316162226	-1.0926603289324357	1.0171192777808435	Nuclei_Correlation_Overlap_DAPI_GFP	other
-1.3467566812344516	-1.2979341542688947	2.9839288166641467	Nuclei_Correlation_RWC_DAPI_GFP	other
-0.1523859050223171	-0.354102474052489	0.4725736473127273	Nuclei_Correlation_RWC_GFP_DAPI	other
