HET	Null	WT	feature
0.35098018035287804	0.669128727701431	-0.9988189023473224	Cytoplasm_AreaShape_Area
-0.1502618524051133	-0.10914318494207115	-0.29655501627607994	Cytoplasm_AreaShape_BoundingBoxArea
-1.0740274706267643	1.1055905018649985	-0.21495866632843444	Cytoplasm_AreaShape_Compactness
-0.6443031529197589	-0.1659283162458485	0.7950201617553158	Cytoplasm_AreaShape_Eccentricity
0.33074454117635643	0.29532172562389913	-1.1676053607306278	Cytoplasm_AreaShape_Extent
-0.33733708777541305	3.3328772716203043	-3.77461040155492	Cytoplasm_AreaShape_FormFactor
1.1881435429138558	-0.041405444519560713	-1.546955463069817	Cytoplasm_AreaShape_MajorAxisLength
2.0221758532515084	1.826603683187893	-3.59638318428562	Cytoplasm_AreaShape_MeanRadius
-0.06121918462903467	0.5969816049841998	-0.8733243869510393	Cytoplasm_AreaShape_MinorAxisLength
-0.953801411550439	1.0112899208791606	-1.3973243847189871	Cytoplasm_AreaShape_Solidity
0.0751762525511117	-0.2745758405394896	-0.31230984804816425	Cytoplasm_AreaShape_Zernike_1_1
0.4502695396385142	-0.722951646073803	-0.7747145319523697	Cytoplasm_AreaShape_Zernike_2_0
0.30645188524416506	0.4751326249604663	-1.093345055988195	Cytoplasm_AreaShape_Zernike_2_2
-0.12374244810058053	0.1684113732087964	-0.16792255188086758	Cytoplasm_AreaShape_Zernike_3_1
-0.018137350259924204	-0.2678091529033221	0.31727402781021247	Cytoplasm_AreaShape_Zernike_4_0
0.011735878308794738	0.26767010172399697	-0.5141455359836683	Cytoplasm_AreaShape_Zernike_4_2
-0.34008477388678626	0.2691376643581221	0.005214202427293545	Cytoplasm_AreaShape_Zernike_5_1
0.04294461469164762	-0.08561076642510032	-0.07564534516003237	Cytoplasm_AreaShape_Zernike_5_3
0.000994885492481728	0.11421718881047804	-0.12977669944486883	Cytoplasm_AreaShape_Zernike_6_0
-0.1696381885625351	-0.028270670360953355	0.02405106323858427	Cytoplasm_AreaShape_Zernike_6_2
0.14356552014711502	-0.17939613546338823	0.2104681754181937	Cytoplasm_AreaShape_Zernike_7_1
0.18838313907866733	0.12030051167728467	-0.13508804905530228	Cytoplasm_AreaShape_Zernike_7_3
-0.2313735586537935	0.05846346155409191	0.14788622384526262	Cytoplasm_AreaShape_Zernike_8_0
-0.20940741820376493	0.13710879587481514	0.25621746063271805	Cytoplasm_AreaShape_Zernike_8_2
0.006472521999917444	-0.20814102275589216	0.3402716619518351	Cytoplasm_AreaShape_Zernike_8_4
-0.27710749327066636	0.2494132052188222	-0.0889288651048856	Cytoplasm_AreaShape_Zernike_9_1
-0.2064681410635146	-0.11871422719431639	0.48951306851187026	Cytoplasm_AreaShape_Zernike_9_3
0.039369605333675776	-0.49928711464077385	0.6917713362125283	Cytoplasm_AreaShape_Zernike_9_5
0.15236147773591915	0.0074810617882756945	-0.07069727046835433	Cytoplasm_AreaShape_Zernike_9_7
3.1517839811088635	-1.571622950347197	-2.504163539661008	Cytoplasm_Correlation_Correlation_CY5_DAPI
1.6617699331490574	-1.7476799115881623	-0.7054389254594469	Cytoplasm_Correlation_Correlation_DAPI_GFP
-0.15308537260495877	-0.7026119754019771	1.4815280473346124	Cytoplasm_Correlation_Correlation_DAPI_RFP
0.08531528617122812	-1.5226069447316333	1.6847700500635456	Cytoplasm_Correlation_Correlation_GFP_RFP
0.18639574286851257	0.39075058502512433	-0.9495064399903084	Cytoplasm_Correlation_Costes_DAPI_RFP
-0.28536802937753974	-0.5693541383604501	0.9246528369365719	Cytoplasm_Correlation_Costes_RFP_DAPI
1.5805080601402084	-1.6175910443175028	-0.0082727696096575	Cytoplasm_Correlation_K_DAPI_CY5
0.4186310691295199	2.4802132907266756	-4.093248303374618	Cytoplasm_Correlation_K_DAPI_GFP
2.3802693323272197	0.17565576328291133	-2.764756628091198	Cytoplasm_Correlation_K_DAPI_RFP
-0.8214284590151084	-1.333323163628715	3.3457195213958006	Cytoplasm_Correlation_K_GFP_DAPI
-0.7857864592648147	-0.7709485209057919	2.9387663723074176	Cytoplasm_Correlation_K_RFP_DAPI
0.3908384400180133	-1.0517890338015619	-2.306723396286651	Cytoplasm_Correlation_Manders_RFP_DAPI
-0.6463058763067352	0.38072542914253393	-0.36050918236812685	Cytoplasm_Correlation_Overlap_CY5_DAPI
-0.3947464808889227	0.31885173418206286	-0.18125039755479344	Cytoplasm_Correlation_Overlap_DAPI_GFP
-2.4728870574244044	1.2830561233628661	1.527410522584177	Cytoplasm_Correlation_Overlap_DAPI_RFP
0.5559893401689671	1.3317801809159893	-3.144579031721062	Cytoplasm_Correlation_Overlap_GFP_RFP
0.04593300839603447	-0.5165421377055472	-1.877458365660244	Cytoplasm_Correlation_RWC_CY5_DAPI
0.896002329797869	-0.7362908392346353	0.09861951283381377	Cytoplasm_Correlation_RWC_CY5_RFP
0.47823575306582733	0.7321286810857042	-0.9579156143919116	Cytoplasm_Correlation_RWC_DAPI_CY5
1.328704740850385	0.3296683761521162	-1.6606672521872772	Cytoplasm_Correlation_RWC_DAPI_GFP
-0.07340154133514461	0.6972287295949078	-0.7094410288089942	Cytoplasm_Correlation_RWC_DAPI_RFP
-1.3197125615901284	2.346706113501348	-2.880838556346365	Cytoplasm_Correlation_RWC_GFP_DAPI
0.29978109329872893	-0.09631273590088653	0.1254289141008377	Cytoplasm_Correlation_RWC_GFP_RFP
0.8975341216081635	-1.6437313494288153	-1.4710501184383071	Cytoplasm_Correlation_RWC_RFP_DAPI
-2.1279496622752334	4.22748427714706	-1.739669796792192	Cytoplasm_Correlation_RWC_RFP_GFP
0.6856493353102519	-0.3514701998633872	0.22104239795239783	Cytoplasm_Granularity_1_DAPI
0.34303944884599014	1.5034484663475125	-2.3983427613843102	Cytoplasm_Granularity_1_RFP
1.6056104946325804	-2.494713671137034	1.7486346386560838	Cytoplasm_Intensity_IntegratedIntensityEdge_CY5
-1.8127758806891545	2.0121280085998934	-1.1661999973808463	Cytoplasm_Intensity_IntegratedIntensityEdge_DAPI
0.10246355048748296	0.05334413179231579	-0.724429258042209	Cytoplasm_Intensity_IntegratedIntensityEdge_GFP
-0.5133924893034082	-0.1538220626114863	1.261686533515879	Cytoplasm_Intensity_IntegratedIntensity_DAPI
-1.2184838087604921	2.11010196800005	-1.625101718882675	Cytoplasm_Intensity_IntegratedIntensity_GFP
0.4535663743116313	-0.924670969095579	0.8395676797062188	Cytoplasm_Intensity_IntegratedIntensity_RFP
1.5278467243897238	-0.2556763135380486	-0.5136788245976048	Cytoplasm_Intensity_LowerQuartileIntensity_DAPI
1.7929556092815646	-0.606754077092452	-0.4025889203322204	Cytoplasm_Intensity_LowerQuartileIntensity_GFP
0.7858102323457441	-1.2043979984075484	0.9287532534720323	Cytoplasm_Intensity_LowerQuartileIntensity_RFP
-0.5837609064643592	0.27546757213691614	0.4758449209957311	Cytoplasm_Intensity_MADIntensity_CY5
-1.7591162407434797	1.0770625383558332	-1.2133559121419637	Cytoplasm_Intensity_MADIntensity_DAPI
-0.6691582441085787	0.1158391241248587	1.0805197577910162	Cytoplasm_Intensity_MADIntensity_RFP
1.6380745387918048	-1.1976063623000919	0.4576380085353881	Cytoplasm_Intensity_MassDisplacement_DAPI
-0.3433051780924251	0.38495152793850596	-0.5304482863223199	Cytoplasm_Intensity_MassDisplacement_GFP
0.9235307445922227	-2.719065371342646	1.6277286769698822	Cytoplasm_Intensity_MassDisplacement_RFP
-0.0997976965811539	0.4987125571671408	-0.4110776761686587	Cytoplasm_Intensity_MaxIntensityEdge_CY5
0.26092908683742566	0.4945198530323097	-0.7611033957221274	Cytoplasm_Intensity_MaxIntensityEdge_GFP
-0.7195255898583699	0.12443367539451036	0.422192396117687	Cytoplasm_Intensity_MaxIntensityEdge_RFP
-1.2738775612085065	0.4924557022128598	1.2430198154344707	Cytoplasm_Intensity_MaxIntensity_DAPI
-0.3412206944098982	0.016394723476141997	0.7321617359842381	Cytoplasm_Intensity_MeanIntensityEdge_CY5
2.537762045692226	-1.473236710791104	-2.265212275224919	Cytoplasm_Intensity_MeanIntensityEdge_DAPI
-0.4966695360668438	0.8096668013554094	-0.1475210653389808	Cytoplasm_Intensity_MeanIntensityEdge_GFP
-0.41674385122552254	-0.8891496825905262	1.7898889069317763	Cytoplasm_Intensity_MedianIntensity_CY5
-0.9323443189260109	0.5018613211743395	-0.5427203998683799	Cytoplasm_Intensity_MedianIntensity_DAPI
0.8912871013898558	-1.1466136562679785	-0.910698541570787	Cytoplasm_Intensity_MedianIntensity_GFP
-2.0913243693559527	0.37606455379033393	2.242682678761353	Cytoplasm_Intensity_StdIntensityEdge_DAPI
0.5044915962936097	1.5112620652962239	-2.276418034951501	Cytoplasm_Intensity_StdIntensityEdge_GFP
0.5652109572936962	-0.537977082986754	0.9871517702849818	Cytoplasm_Intensity_StdIntensityEdge_RFP
-1.1158669383135191	-0.8228320405640865	4.280619763889329	Cytoplasm_Intensity_StdIntensity_DAPI
0.7559427897161023	0.6066337812511606	-2.3646191117675692	Cytoplasm_Intensity_UpperQuartileIntensity_DAPI
-0.2881985020840094	1.078660608432439	-2.6314637011204836	Cytoplasm_Intensity_UpperQuartileIntensity_GFP
-0.02730331624088325	0.12334926551732205	0.31052371360327874	Cytoplasm_RadialDistribution_FracAtD_CY5_2of4
-1.2661643154836308	1.2428365439620503	-1.393974925127819	Cytoplasm_RadialDistribution_FracAtD_DAPI_3of4
0.2846240750109562	-0.17480643724913783	0.8446330770974951	Cytoplasm_RadialDistribution_FracAtD_DAPI_4of4
-0.8920269175187349	0.6329755626188538	-0.06080721344531001	Cytoplasm_RadialDistribution_FracAtD_GFP_1of4
-0.313408572258976	-0.7206713245595017	0.3319026462555881	Cytoplasm_RadialDistribution_FracAtD_RFP_1of4
-0.5434362136429367	0.06201178518185417	0.49545992900562663	Cytoplasm_RadialDistribution_FracAtD_RFP_3of4
-0.9302626845246734	0.39928106087222964	0.4474795431189383	Cytoplasm_RadialDistribution_FracAtD_RFP_4of4
-0.4814594339333041	0.7473579956202858	-0.4999822264246385	Cytoplasm_RadialDistribution_MeanFrac_CY5_2of4
-0.2637545921802889	1.3600855942475172	-1.6272905318544206	Cytoplasm_RadialDistribution_MeanFrac_CY5_3of4
0.03367653025159301	-1.765635957585478	1.2147035667287738	Cytoplasm_RadialDistribution_MeanFrac_CY5_4of4
-0.08619322429936772	1.7899255983549605	-2.72877317090222	Cytoplasm_RadialDistribution_MeanFrac_DAPI_3of4
1.192630821851972	-0.10457017536744678	-0.6033474590482353	Cytoplasm_RadialDistribution_MeanFrac_DAPI_4of4
0.08975464608901458	-1.5504294011599438	1.5096405393558814	Cytoplasm_RadialDistribution_MeanFrac_GFP_3of4
-1.2246237972102685	2.662077251840321	-1.5133916231895068	Cytoplasm_RadialDistribution_MeanFrac_GFP_4of4
-0.1243013117711906	0.3257427005728734	-0.16370705642324893	Cytoplasm_RadialDistribution_MeanFrac_RFP_1of4
0.28404284261845814	0.776487457244345	-0.7121138127190932	Cytoplasm_RadialDistribution_MeanFrac_RFP_2of4
-0.12975807866350705	-0.09145277523864657	0.5388823566200137	Cytoplasm_RadialDistribution_MeanFrac_RFP_3of4
-0.15614987878183056	0.6431089321842225	-0.8830970118921188	Cytoplasm_RadialDistribution_MeanFrac_RFP_4of4
-0.48486507955639274	0.3628530931537636	-0.38069192733759794	Cytoplasm_RadialDistribution_RadialCV_CY5_1of4
-0.3015498721836311	1.032812556088328	-0.39908290472735825	Cytoplasm_RadialDistribution_RadialCV_CY5_2of4
-0.7064759256860015	0.5601820739846717	-0.43177841804796013	Cytoplasm_RadialDistribution_RadialCV_CY5_3of4
1.303603520718101	0.4008905673424696	-2.3094833223853315	Cytoplasm_RadialDistribution_RadialCV_CY5_4of4
1.9195089720946918	-1.9407331080443946	-1.3706881144860088	Cytoplasm_RadialDistribution_RadialCV_DAPI_2of4
1.0004079353176945	-1.1574433889944324	1.6395607879297973	Cytoplasm_RadialDistribution_RadialCV_DAPI_3of4
-0.13751346705589715	-0.6119519914824694	1.2845198336127173	Cytoplasm_RadialDistribution_RadialCV_DAPI_4of4
-0.363489494691305	0.05398093143959142	0.049870457064716045	Cytoplasm_RadialDistribution_RadialCV_GFP_2of4
-0.4587757178605682	0.5431569814874931	-0.27592919426333057	Cytoplasm_RadialDistribution_RadialCV_GFP_3of4
-0.44470593845367984	-0.5303191056498243	1.0917769824585346	Cytoplasm_RadialDistribution_RadialCV_GFP_4of4
0.19356820515581713	-1.100630777500954	1.385665234816432	Cytoplasm_RadialDistribution_RadialCV_RFP_2of4
-0.41794133332362965	0.6335696685274805	-0.5913863463351323	Cytoplasm_RadialDistribution_RadialCV_RFP_3of4
0.09271783970015998	-0.329638812514065	0.466807291602868	Cytoplasm_RadialDistribution_RadialCV_RFP_4of4
0.3594869071302343	-1.0001662570050087	0.3601858940495795	Cytoplasm_Texture_AngularSecondMoment_RFP_3_03_256
0.2255253314929746	0.3834758326889719	-0.1777119955297381	Cytoplasm_Texture_Contrast_DAPI_3_00_256
-0.9492650420984612	-0.09217978470149554	1.4282214808076554	Cytoplasm_Texture_Contrast_DAPI_3_01_256
0.6807468902203277	-0.7772564935596623	0.4622106407191324	Cytoplasm_Texture_Contrast_DAPI_3_02_256
0.051831360850648586	-0.3468789149507009	1.4515184783439645	Cytoplasm_Texture_Contrast_DAPI_3_03_256
0.5432068554874374	-1.5202835468880074	0.22690943615676976	Cytoplasm_Texture_Contrast_GFP_3_00_256
0.7644657917629596	-0.8126660890246459	-0.33184753256765326	Cytoplasm_Texture_Contrast_GFP_3_01_256
-0.33650826169264064	-0.04033345329985413	0.4085977011711526	Cytoplasm_Texture_Contrast_GFP_3_02_256
-0.102563147907732	-0.7573856709482246	0.43487941332157254	Cytoplasm_Texture_Contrast_GFP_3_03_256
0.002357516707661557	0.32297046802070256	-0.3180614570193503	Cytoplasm_Texture_Contrast_RFP_3_00_256
-0.6036808796828499	1.5377947152648335	-1.1930505163044403	Cytoplasm_Texture_Contrast_RFP_3_01_256
-0.18259918097521372	0.8529411729870116	-0.8510506618546513	Cytoplasm_Texture_Contrast_RFP_3_02_256
-0.5992159627278071	0.8051468481178221	-0.34343330069841804	Cytoplasm_Texture_Contrast_RFP_3_03_256
1.273666979535394	-0.32403950982503515	-1.1311410842740652	Cytoplasm_Texture_Correlation_DAPI_3_00_256
2.617446676276162	-0.07929527837828602	-3.0279636689149916	Cytoplasm_Texture_Correlation_DAPI_3_01_256
1.8000388354780343	-2.278133798260612	0.3418480790714207	Cytoplasm_Texture_Correlation_DAPI_3_02_256
3.1406603585549355	-0.9514294424424264	-3.8556001792502164	Cytoplasm_Texture_Correlation_DAPI_3_03_256
-0.3814003994390915	-0.9151081167719372	1.9170843028151063	Cytoplasm_Texture_Correlation_GFP_3_00_256
-0.923656561022472	0.6135834129549765	0.2468442742230817	Cytoplasm_Texture_Correlation_GFP_3_01_256
-1.2605709570255001	-0.023848646168459314	1.2511613352411621	Cytoplasm_Texture_Correlation_GFP_3_02_256
-0.6448602982030772	-0.021471499178430553	0.881259185718246	Cytoplasm_Texture_Correlation_GFP_3_03_256
-2.4714597421924847	0.1544024313840566	2.136654952898301	Cytoplasm_Texture_DifferenceEntropy_GFP_3_00_256
-3.5413850453435693	-0.2915588958377866	3.5264611423219066	Cytoplasm_Texture_DifferenceEntropy_GFP_3_02_256
-2.0282457602658672	3.1542293046417016	-2.246587130551165	Cytoplasm_Texture_DifferenceEntropy_RFP_3_01_256
-1.550384858075741	2.4760730217503513	-1.5298911080224116	Cytoplasm_Texture_DifferenceEntropy_RFP_3_03_256
7.050764634120649	-1.8784797485264166	-6.682996712013042	Cytoplasm_Texture_InfoMeas1_DAPI_3_00_256
8.570123474322127	-2.8672738769243775	-6.6322700650864705	Cytoplasm_Texture_InfoMeas1_DAPI_3_02_256
-2.07536504074215	0.26301048382182896	0.8153674686300818	Cytoplasm_Texture_InfoMeas1_GFP_3_00_256
-1.2817560956524063	-0.16325383964678206	0.807915629481252	Cytoplasm_Texture_InfoMeas1_GFP_3_01_256
-1.4296613102238063	-0.40267879520082883	1.0050313330827314	Cytoplasm_Texture_InfoMeas1_GFP_3_02_256
-2.22673361034889	0.3881668583004777	1.3812987773860612	Cytoplasm_Texture_InfoMeas1_GFP_3_03_256
-1.3064392463622576	1.6291980092625362	-1.337520663259752	Cytoplasm_Texture_InfoMeas1_RFP_3_02_256
2.901250075012984	-1.16112454975885	-0.2762072642894276	Cytoplasm_Texture_InfoMeas2_DAPI_3_01_256
4.7523600455875945	-2.962263561422595	-0.9038312045810992	Cytoplasm_Texture_InfoMeas2_DAPI_3_03_256
-1.4265167044632763	-1.9777026168528493	2.828483610763761	Cytoplasm_Texture_InverseDifferenceMoment_GFP_3_02_256
-0.8723868666153753	0.5036586669566274	1.1189108461243755	Cytoplasm_Texture_InverseDifferenceMoment_RFP_3_00_256
-1.2732140505700384	1.2226485193451622	-0.002659617609452385	Cytoplasm_Texture_InverseDifferenceMoment_RFP_3_01_256
-0.255180115129075	0.8338576947168772	-0.3110446124941046	Cytoplasm_Texture_InverseDifferenceMoment_RFP_3_02_256
-0.5555712699002238	0.5909352242894961	0.153534537343718	Cytoplasm_Texture_InverseDifferenceMoment_RFP_3_03_256
-0.6215086658467157	0.6730486394645118	0.4682086719951824	Cytoplasm_Texture_SumAverage_DAPI_3_01_256
-0.1923861512657173	-0.8629952199972003	3.4359285454716995	Cytoplasm_Texture_SumVariance_DAPI_3_03_256
-0.40953369673146345	-1.1491739546972553	2.0845699321288036	Cells_AreaShape_FormFactor
-0.19790801319373746	-1.9351035874241735	1.4546932233316965	Cells_AreaShape_MeanRadius
-0.28551314118125054	-0.9623638839792494	2.618824709122932	Cells_AreaShape_Solidity
-0.2237771496462315	0.1685371753835015	0.27168597286710716	Cells_AreaShape_Zernike_1_1
-0.2639173461843115	-0.23189209010899386	1.74484153476297	Cells_AreaShape_Zernike_2_0
0.07460132781553303	-0.11705124736243887	0.19931507347273986	Cells_AreaShape_Zernike_3_1
-0.22239108733699056	0.26478170317154776	-0.11233740262172737	Cells_AreaShape_Zernike_4_0
-0.30996712701396195	-0.3488113661804171	0.855519019825201	Cells_AreaShape_Zernike_4_2
0.15638374822454612	-0.06420466241400229	-0.07473048270730986	Cells_AreaShape_Zernike_5_1
-0.006401645416907818	0.09079552505753433	0.006925181831398629	Cells_AreaShape_Zernike_5_3
0.15258437798794258	-0.3042405270022169	0.2462457916068646	Cells_AreaShape_Zernike_6_0
0.40177842474159176	-0.16930917511601506	0.060177327794080276	Cells_AreaShape_Zernike_6_2
0.03223976056816982	0.14003300746371156	-0.352844745782025	Cells_AreaShape_Zernike_6_4
-0.10745681598269662	0.08084749890978024	-0.023158153995487037	Cells_AreaShape_Zernike_7_1
-0.04907934485308248	0.008420935593807488	-0.09807326891548657	Cells_AreaShape_Zernike_7_3
0.014459507313643708	0.20578696729321871	-0.4187274504553615	Cells_AreaShape_Zernike_7_7
-0.13659943726259802	0.1294366176188282	-0.1275888656237329	Cells_AreaShape_Zernike_8_0
-0.14175170822743371	0.10785818106790616	-0.0384545412255746	Cells_AreaShape_Zernike_8_2
-0.11431669677295889	0.1619540981939147	0.02014534462434626	Cells_AreaShape_Zernike_8_4
0.18370923761757973	0.16245328752613336	-0.4477764288775999	Cells_AreaShape_Zernike_8_6
0.26919104374140695	0.021258398874629686	-0.25303339817753634	Cells_AreaShape_Zernike_9_1
-0.1628020135868823	0.2937076568581548	-0.3256695094800935	Cells_AreaShape_Zernike_9_3
0.00960281395368748	0.42967089560738814	-0.516446828727082	Cells_AreaShape_Zernike_9_5
-0.27887815881933514	0.03369907414321915	0.35766914338561434	Cells_AreaShape_Zernike_9_9
-3.7005249892065617	4.337729103827723	-0.8736829176234839	Cells_Correlation_Correlation_CY5_DAPI
1.0424058292905094	-4.314714173130739	3.1115022368034913	Cells_Correlation_Correlation_DAPI_GFP
0.4234974427198566	1.8369102261058137	-3.4630859808186356	Cells_Correlation_Correlation_DAPI_RFP
1.0289856560378685	0.7230109055219708	-1.7577730444980137	Cells_Correlation_Costes_DAPI_RFP
0.09165974736167543	-2.4906434511570934	2.386620437794183	Cells_Correlation_K_DAPI_CY5
-1.6304562226201038	-0.41342131850634606	0.559711928345945	Cells_Correlation_K_DAPI_GFP
-0.9220005775871715	2.5238754625171285	-0.20368945769650879	Cells_Correlation_K_DAPI_RFP
-0.2906587095413351	1.027751495477502	0.3528191989265264	Cells_Correlation_K_GFP_DAPI
-0.11239739331014853	-3.415318750448071	2.832532454502318	Cells_Correlation_K_GFP_RFP
0.22145230300923635	-0.32383180490218066	0.7689715074894794	Cells_Correlation_K_RFP_DAPI
-1.6005376521175974	2.6816242889504136	-1.702115407224466	Cells_Correlation_K_RFP_GFP
0.7188617950331054	-2.5648006085993083	2.8067683733442665	Cells_Correlation_Overlap_CY5_DAPI
0.9570390381213945	-1.8139254699963643	1.4820579817444357	Cells_Correlation_Overlap_CY5_GFP
0.2477018406605495	-0.575745002884553	0.677186394589586	Cells_Correlation_Overlap_DAPI_GFP
1.405459996560348	-0.015263502302809711	-1.291779242082579	Cells_Correlation_Overlap_DAPI_RFP
-2.931421714382139	3.935349590238896	0.7691344133488722	Cells_Correlation_RWC_CY5_DAPI
1.3883614803970012	-1.269387364631631	-0.34502628963708065	Cells_Correlation_RWC_DAPI_CY5
0.16913235094837983	1.025372833009815	-1.9434116624145412	Cells_Correlation_RWC_DAPI_GFP
-1.0597424582209904	1.1571546947091826	-0.3655757244668585	Cells_Correlation_RWC_DAPI_RFP
2.674248937685931	-2.5118277568588163	1.5812974433222584	Cells_Correlation_RWC_GFP_DAPI
0.819263836463621	0.2475717150406295	0.05957113707453396	Cells_Correlation_RWC_RFP_DAPI
1.5049986470123184	0.7749077061534156	-2.0896717970113645	Cells_Granularity_1_CY5
-2.906094030309988	-0.24008773696335062	4.400670661202339	Cells_Granularity_1_DAPI
-1.3897831571157224	-3.420613090521914	4.672574068542777	Cells_Granularity_1_GFP
0.42727158319344827	0.6343689999957569	-1.4209390344961985	Cells_Granularity_2_DAPI
0.28763587570091975	-0.23850153218065653	0.5884198453706191	Cells_Granularity_2_GFP
-1.1987500763408712	0.4514363781098476	0.16766153600316155	Cells_Granularity_2_RFP
-0.2673600604886346	0.6138182316216845	0.29485851891696907	Cells_Intensity_IntegratedIntensityEdge_CY5
-2.0195933640091543	2.4077131463224686	-1.3631961177683654	Cells_Intensity_IntegratedIntensityEdge_DAPI
-0.5404277114400612	-0.45876324806138186	0.747614330551018	Cells_Intensity_IntegratedIntensityEdge_GFP
0.7108026320133449	0.5652106005949	-0.5354240292297299	Cells_Intensity_LowerQuartileIntensity_DAPI
1.0228227232476677	-1.8779220079511865	0.8405407378243497	Cells_Intensity_LowerQuartileIntensity_GFP
-0.6459048691278411	0.6278754845622603	-0.14064298546438672	Cells_Intensity_MADIntensity_CY5
0.44521924448966593	0.25734631435342153	-0.7790180324465176	Cells_Intensity_MADIntensity_DAPI
0.45492984214253723	0.6855491599019753	-1.6788640925804945	Cells_Intensity_MassDisplacement_DAPI
0.10895317296138288	1.8651856539783584	-1.778459872244222	Cells_Intensity_MassDisplacement_RFP
0.3720211536130137	-0.13266881517337167	-0.19454282624792715	Cells_Intensity_MaxIntensityEdge_CY5
0.5852428155684791	-0.09535957671591822	-0.31897083663939785	Cells_Intensity_MaxIntensityEdge_DAPI
-0.04651806903426727	-0.6174314260048537	0.9127959199192267	Cells_Intensity_MaxIntensityEdge_GFP
0.14275697411537103	0.607833474096541	-0.803169836097384	Cells_Intensity_MaxIntensityEdge_RFP
1.2648745177670069	-0.1932386706112542	-0.3484353513566239	Cells_Intensity_MaxIntensity_GFP
0.3012133973284976	1.2078518371605522	-1.7697666394528944	Cells_Intensity_MaxIntensity_RFP
-1.7505192802413132	1.464215428690256	0.06433615040009444	Cells_Intensity_MeanIntensityEdge_CY5
2.2383573356866666	0.48466425987506984	-4.090343792019891	Cells_Intensity_MeanIntensityEdge_DAPI
-0.3886269781776047	-1.9477239274373466	2.617210299833216	Cells_Intensity_MeanIntensityEdge_GFP
1.1904520486254018	0.2561829875677067	-1.559184921812967	Cells_Intensity_MeanIntensityEdge_RFP
0.737634014041028	0.1459377382897489	-0.7629044699168084	Cells_Intensity_MedianIntensity_DAPI
0.11220982039149914	1.840992152247294	-2.4986348917877628	Cells_Intensity_StdIntensityEdge_CY5
1.097974106071655	-0.17667736396522465	-1.5303058925616009	Cells_Intensity_StdIntensityEdge_DAPI
-1.3110849725691045	0.5265507207807963	0.19189895970910475	Cells_Intensity_StdIntensityEdge_GFP
-0.3704380409789195	-0.8573684129298744	1.2429129462150605	Cells_Intensity_StdIntensityEdge_RFP
2.06694943466439	-0.009743341676790748	-1.372102903203174	Cells_Intensity_UpperQuartileIntensity_DAPI
-0.18122325905543005	-0.19828054102845075	0.758973332749485	Cells_Neighbors_FirstClosestDistance_Adjacent
-0.837372745914179	0.61871347782269	0.35217545307697395	Cells_RadialDistribution_FracAtD_CY5_1of4
-0.02769747650651849	1.421809751177912	-1.5409193332164703	Cells_RadialDistribution_FracAtD_CY5_3of4
0.5069538695914131	-0.0462302042232045	-0.6805019089504201	Cells_RadialDistribution_FracAtD_DAPI_1of4
-0.49859366963958834	0.3715018132265422	0.5046099261378083	Cells_RadialDistribution_FracAtD_DAPI_3of4
0.2828646708166248	0.1702196113343933	-0.15151346533083157	Cells_RadialDistribution_FracAtD_GFP_1of4
0.16691147109557428	-0.046637653074502836	0.19683415692955286	Cells_RadialDistribution_FracAtD_GFP_2of4
-0.6869795357635317	0.3169687935796122	0.39016636102349583	Cells_RadialDistribution_FracAtD_RFP_1of4
-0.6720502411660286	0.42002541951513794	0.2550802672193171	Cells_RadialDistribution_FracAtD_RFP_2of4
0.1379310667141764	-1.3834900955594036	1.616620669089403	Cells_RadialDistribution_FracAtD_RFP_3of4
-0.39556761255826534	0.43394997722065237	-0.5998589593493138	Cells_RadialDistribution_FracAtD_RFP_4of4
-1.078155972984784	0.03220414023099134	0.44748403870554193	Cells_RadialDistribution_MeanFrac_CY5_1of4
-0.6661975963491963	0.683197011862325	-0.1601731290184298	Cells_RadialDistribution_MeanFrac_CY5_2of4
-0.7057727880828472	2.076367865291495	-2.239974906967509	Cells_RadialDistribution_MeanFrac_CY5_3of4
1.131410663223982	0.10921184464215046	-1.4828572273894338	Cells_RadialDistribution_MeanFrac_DAPI_3of4
0.4435489800059976	0.6899657052625071	-1.8427559585321565	Cells_RadialDistribution_MeanFrac_DAPI_4of4
0.37726575588126215	0.1204587992339147	-0.5602778273425304	Cells_RadialDistribution_MeanFrac_GFP_1of4
1.0180264552253946	-1.1629474858321251	0.30542186957955486	Cells_RadialDistribution_MeanFrac_GFP_2of4
0.27058532427103416	-1.3084393440338802	1.3307851977625016	Cells_RadialDistribution_MeanFrac_GFP_3of4
0.1652721810743422	0.16534147102412022	-0.35732958288649624	Cells_RadialDistribution_MeanFrac_RFP_1of4
0.5006408333056848	-0.06557938320668397	-0.898661816454584	Cells_RadialDistribution_MeanFrac_RFP_2of4
-0.30992539618850884	-0.0987563440824302	0.4823321314670753	Cells_RadialDistribution_MeanFrac_RFP_3of4
-0.368495689813492	-0.18952362841700343	0.554973340142722	Cells_RadialDistribution_MeanFrac_RFP_4of4
0.11427482094939478	0.6776148203076334	-0.5998636059478571	Cells_RadialDistribution_RadialCV_CY5_1of4
-0.5855069628260033	0.0019639047503891725	0.40218964962050496	Cells_RadialDistribution_RadialCV_CY5_2of4
0.7050345720814023	1.599942470912014	-2.603777746439213	Cells_RadialDistribution_RadialCV_CY5_3of4
0.010999060966713351	0.4436247097372901	-0.3687892945087692	Cells_RadialDistribution_RadialCV_CY5_4of4
0.07291879819195612	-0.3110555260109918	0.10339212954918459	Cells_RadialDistribution_RadialCV_DAPI_1of4
0.007029826786583137	0.20441009614990185	-0.3750054391793693	Cells_RadialDistribution_RadialCV_DAPI_2of4
-0.4948879656315589	-0.38819912299001075	0.8882828219826522	Cells_RadialDistribution_RadialCV_DAPI_3of4
0.32081759390276104	0.008722606501322889	-0.05245972519689103	Cells_RadialDistribution_RadialCV_DAPI_4of4
-0.5630219649166279	0.19049114473720366	0.1810897891260892	Cells_RadialDistribution_RadialCV_GFP_1of4
0.05246529623590495	0.3411754438482517	-0.3173982406784438	Cells_RadialDistribution_RadialCV_GFP_2of4
-0.03562759266024327	-0.6577193748487299	1.1034999621584727	Cells_RadialDistribution_RadialCV_GFP_3of4
-0.071696223509565	-0.21087462241179994	0.23535970266740971	Cells_RadialDistribution_RadialCV_GFP_4of4
-0.5143578901260744	-0.11878997998076209	0.7055158283954798	Cells_RadialDistribution_RadialCV_RFP_1of4
-0.042363313620264305	-0.19398878721989044	-0.08730615558644425	Cells_RadialDistribution_RadialCV_RFP_2of4
0.043410873013692494	1.0879797374250224	-1.9809419798949783	Cells_RadialDistribution_RadialCV_RFP_3of4
-0.03779371294440084	-0.010060534034567414	0.06155649929183702	Cells_RadialDistribution_RadialCV_RFP_4of4
-5.5839841411462405	0.7526447951976528	-0.2872726251953071	Cells_Texture_AngularSecondMoment_DAPI_3_01_256
-1.0041458481393435	0.9524638850257724	0.15826455735881603	Cells_Texture_Contrast_DAPI_3_00_256
-1.0656202230561036	1.0476478694887015	0.9348569196472408	Cells_Texture_Contrast_DAPI_3_02_256
-0.6408703263606176	-0.25130805604625334	1.063960939127139	Cells_Texture_Correlation_DAPI_3_00_256
-0.6623074323570339	-0.19147693550858635	1.0146313225388968	Cells_Texture_Correlation_DAPI_3_01_256
-0.5983046079620474	-0.4427267904307286	1.1319990170984104	Cells_Texture_Correlation_DAPI_3_02_256
-0.453664229808166	-0.06628121788136483	0.5888403649451609	Cells_Texture_Correlation_DAPI_3_03_256
0.7058377231370612	0.7179914871179073	-1.714027330811121	Cells_Texture_Correlation_GFP_3_02_256
-0.2720942095316657	-1.2160336203540072	1.2718802629363202	Cells_Texture_Correlation_RFP_3_00_256
0.0093697618341806	1.0503670840309136	-1.3951134678983022	Cells_Texture_Correlation_RFP_3_01_256
-1.1810447114844178	0.5476248449682084	0.03290549130124354	Cells_Texture_Correlation_RFP_3_02_256
-0.8276530343536092	0.7497898609440525	-0.2616400116360258	Cells_Texture_Correlation_RFP_3_03_256
2.2328387373392817	-1.839673341570065	-3.5298010906231774	Cells_Texture_Entropy_DAPI_3_02_256
8.455400471260598	-5.023981185629377	-5.798357406687706	Cells_Texture_InfoMeas1_DAPI_3_03_256
0.07842335194083398	0.09362797026389423	-0.241534187178696	Cells_Texture_InfoMeas1_GFP_3_00_256
0.5246960965511267	-0.01749208377706291	0.2619960186686767	Cells_Texture_InfoMeas1_GFP_3_01_256
-0.2196962572503868	-0.5194677802206307	1.0759718455027336	Cells_Texture_InfoMeas1_GFP_3_02_256
-0.3912760654711274	-0.07097060885586999	0.7086537320426749	Cells_Texture_InfoMeas1_GFP_3_03_256
-0.15914331894334305	0.2477622282584543	-0.15713869258754568	Cells_Texture_InfoMeas1_RFP_3_00_256
-0.239323779144562	-1.1828733162028764	1.0486563851666602	Cells_Texture_InfoMeas1_RFP_3_01_256
0.00834326332019403	-0.3658910707596719	0.6761707416155447	Cells_Texture_InfoMeas1_RFP_3_02_256
0.0047043110962604285	-0.48119268235532386	0.7280630569454775	Cells_Texture_InfoMeas1_RFP_3_03_256
1.145927378878423	-3.6134474487197172	1.4234462463805149	Cells_Texture_InfoMeas2_DAPI_3_00_256
-0.4225979243807317	-1.601794805870008	1.2624292456355277	Cells_Texture_InfoMeas2_GFP_3_00_256
0.23765227412313927	-0.5742198064121673	0.16564421840920884	Cells_Texture_InfoMeas2_RFP_3_00_256
-0.8953877236554553	1.1906209841279238	-0.1344194991969502	Cells_Texture_InfoMeas2_RFP_3_01_256
-0.6666834146036187	0.3515102612555413	0.05457274851526221	Cells_Texture_InfoMeas2_RFP_3_02_256
-0.2986391784249692	0.42887950370880784	-0.1199164673144474	Cells_Texture_InfoMeas2_RFP_3_03_256
4.142691553703256	-2.024127815191348	3.247759409193797	Cells_Texture_InverseDifferenceMoment_DAPI_3_02_256
-3.885959999921806	2.383768517688449	3.424289221360061	Cells_Texture_SumAverage_DAPI_3_02_256
0.694997463646403	-1.5910079604928398	1.6246228468122104	Cells_Texture_SumVariance_DAPI_3_01_256
-0.5704221231724075	1.5135537989804027	-0.5470239359657972	Nuclei_AreaShape_Compactness
0.03058241847172592	0.18674012254010325	-0.010327643102885467	Nuclei_AreaShape_Eccentricity
-0.059089458046776275	-0.6142131321840583	0.3186705229768026	Nuclei_AreaShape_Extent
-1.5659513601781034	1.7309625777370388	-0.20091717037242424	Nuclei_AreaShape_FormFactor
-1.459804498786337	-1.3881809422935247	2.283914756424595	Nuclei_AreaShape_MajorAxisLength
-0.432666885412639	-0.7042417026754381	1.3351604139273883	Nuclei_AreaShape_MinFeretDiameter
-0.034686947411145856	-0.04063886587282349	0.09123334381133616	Nuclei_AreaShape_Orientation
-0.12562199766371254	-0.6209338260902286	0.17818311140106594	Nuclei_AreaShape_Solidity
-1.020137449433884	0.028608846670728327	0.6536132597510982	Nuclei_AreaShape_Zernike_0_0
-0.20756383003216328	-0.3185497080611857	0.5645003014847525	Nuclei_AreaShape_Zernike_1_1
-1.217794355572615	0.08252728877195682	0.7628944631078088	Nuclei_AreaShape_Zernike_2_0
0.3920516759886613	-0.4513225101954229	0.16738350546956574	Nuclei_AreaShape_Zernike_2_2
-0.049595013922856625	0.12055597881561257	0.003665782904248161	Nuclei_AreaShape_Zernike_3_1
0.3211481781827899	-0.4881000817579141	0.2850375187795079	Nuclei_AreaShape_Zernike_3_3
0.30839957794777456	-0.2857251813461147	-0.06338285606923946	Nuclei_AreaShape_Zernike_4_0
-0.20569635544086412	-0.26688888657458654	0.3624222212513835	Nuclei_AreaShape_Zernike_4_2
0.9965736275514524	-0.7628271003139399	0.0847726678060619	Nuclei_AreaShape_Zernike_4_4
0.22869428456536053	0.0793969867778547	-0.38400684005081226	Nuclei_AreaShape_Zernike_5_1
-0.009963791168755572	-0.09802802406369421	0.08103117687435915	Nuclei_AreaShape_Zernike_5_3
0.4008595363830849	-0.6782925740232393	0.32358195504214965	Nuclei_AreaShape_Zernike_5_5
-0.1957387357072735	0.2689642872051256	-0.23417108716101093	Nuclei_AreaShape_Zernike_6_0
0.5156051296275226	-0.1540049308633001	-0.11840917546113378	Nuclei_AreaShape_Zernike_6_2
-0.0924305309592741	0.10817094729139201	-0.32328976771822915	Nuclei_AreaShape_Zernike_6_4
-0.02127095348905204	-0.49774445296034714	0.5447570767705565	Nuclei_AreaShape_Zernike_6_6
0.17123043382472317	-0.029976874312733784	-0.23226867218034553	Nuclei_AreaShape_Zernike_7_1
-0.0393981867615826	0.11813527869934697	-0.018027345717195175	Nuclei_AreaShape_Zernike_7_3
0.19020901218680927	-0.0008292221565588926	-0.22926331516171902	Nuclei_AreaShape_Zernike_7_5
-0.301334464359159	0.18801327807126222	-0.08703590040503939	Nuclei_AreaShape_Zernike_7_7
-0.09127438422014883	-0.019839788782605547	0.22079283760814936	Nuclei_AreaShape_Zernike_8_0
-0.14064476384404603	0.30742502603007793	-0.27156689453702765	Nuclei_AreaShape_Zernike_8_2
0.24970123870751199	-0.18843182926631066	-0.05935668348121453	Nuclei_AreaShape_Zernike_8_4
-0.35379664406827555	-0.11491491905013726	0.6856365785662274	Nuclei_AreaShape_Zernike_8_6
0.23978992878311822	-0.5306669315893496	0.6168475319921632	Nuclei_AreaShape_Zernike_8_8
-0.07460148130136912	0.0670084503902834	0.026779816627836812	Nuclei_AreaShape_Zernike_9_1
-0.02637280899364937	0.19318403625706657	-0.12505000788680365	Nuclei_AreaShape_Zernike_9_3
0.047560490760406415	-0.022840684067349654	-0.025000392945489194	Nuclei_AreaShape_Zernike_9_5
-0.1315802141121665	-0.16598779890885385	0.35796116820682816	Nuclei_AreaShape_Zernike_9_7
-0.005978946469048493	-0.2873055504553897	0.5483364356682046	Nuclei_AreaShape_Zernike_9_9
0.47031906731700374	1.05658429031754	-2.0576778969487	Nuclei_Correlation_Correlation_CY5_DAPI
-0.3005918245655164	-0.7540669115600711	1.6322917805457047	Nuclei_Correlation_Correlation_CY5_GFP
-0.1847743652200501	-0.15319928990708903	0.62159418062865	Nuclei_Correlation_Correlation_CY5_RFP
0.08835957257121792	0.7817749870517723	-0.7573283461137171	Nuclei_Correlation_Correlation_DAPI_GFP
-0.4065418879165186	-0.14458960868772036	0.7578117858865082	Nuclei_Correlation_Correlation_DAPI_RFP
-0.046479906951481166	0.7266659579450474	-1.3759927455978642	Nuclei_Correlation_Correlation_GFP_RFP
-0.6411688278018143	2.050652106177145	-0.442744932181876	Nuclei_Correlation_K_DAPI_GFP
-1.5312781483427356	-0.5477412663743737	1.694618868249796	Nuclei_Correlation_K_GFP_DAPI
1.27614749882934	0.5333961404139769	-2.620089527199248	Nuclei_Correlation_K_GFP_RFP
0.03271096324668263	-2.468988337562019	2.182002160418361	Nuclei_Correlation_K_RFP_CY5
-1.124020837519241	-1.3420537137668003	2.266352542396631	Nuclei_Correlation_K_RFP_DAPI
1.5716371302838432	-1.1541220658149778	-0.7704530214854755	Nuclei_Correlation_K_RFP_GFP
-0.4669395104235871	-0.60188870483324	0.83637663355149	Nuclei_Correlation_Overlap_CY5_DAPI
-0.759099828598997	-0.20135430773372737	0.8539863279240192	Nuclei_Correlation_Overlap_CY5_GFP
-1.2174934008523068	0.31683605774681617	0.7909278521777596	Nuclei_Correlation_Overlap_CY5_RFP
0.6829928316162226	-1.0926603289324357	1.0171192777808435	Nuclei_Correlation_Overlap_DAPI_GFP
-0.9936386055211539	0.7563369685739859	-0.022539414775772267	Nuclei_Correlation_Overlap_DAPI_RFP
-0.23745438813042322	-0.19884720325050345	0.6864459425230628	Nuclei_Correlation_Overlap_GFP_RFP
-0.48316133822621926	0.1706412747274098	0.6091424308273049	Nuclei_Correlation_RWC_CY5_DAPI
-0.8827033821886365	3.151028047253522	-2.918560867090221	Nuclei_Correlation_RWC_CY5_GFP
0.10755544403516255	-1.8247647753691683	1.4036564358853512	Nuclei_Correlation_RWC_CY5_RFP
-0.2856335838446262	1.904804610656344	-2.3563064866715497	Nuclei_Correlation_RWC_DAPI_CY5
-1.3467566812344516	-1.2979341542688947	2.9839288166641467	Nuclei_Correlation_RWC_DAPI_GFP
0.9646957324213401	-0.6787340876130606	0.025032184068858158	Nuclei_Correlation_RWC_DAPI_RFP
1.5117913858916572	-1.0028693310311336	-0.043559696804269396	Nuclei_Correlation_RWC_GFP_CY5
-0.15238590502231716	-0.35410247405248907	0.47257364731272733	Nuclei_Correlation_RWC_GFP_DAPI
-1.252512824033371	4.838600860028646	-3.8400073277562097	Nuclei_Correlation_RWC_GFP_RFP
-0.42570479849656356	-0.22420745029287273	1.0135032174173024	Nuclei_Correlation_RWC_RFP_CY5
-0.3417844161856748	1.2223898435603302	-1.3933124537305825	Nuclei_Correlation_RWC_RFP_DAPI
2.849304354663353	-0.6643393999345223	-1.8695275733998773	Nuclei_Correlation_RWC_RFP_GFP
-0.6016571131001257	-1.4489592703014402	1.3961984157870169	Nuclei_Granularity_1_CY5
-1.7952341435831296	1.9026674804230521	0.9986390550484349	Nuclei_Granularity_1_DAPI
0.7107835153716657	0.6091687911860943	-0.5269995744959212	Nuclei_Granularity_1_GFP
0.9173203582530223	-0.2832156601031416	-1.1664666292375243	Nuclei_Granularity_1_RFP
-1.3014791722277685	2.3980846385592978	-1.6278134943278846	Nuclei_Intensity_IntegratedIntensityEdge_DAPI
1.4448119036816849	-1.625368916663097	0.7195214528418283	Nuclei_Intensity_IntegratedIntensityEdge_RFP
-0.32963613989186613	-3.7459635307809998	4.2438528115162635	Nuclei_Intensity_IntegratedIntensity_CY5
-1.3153814717877126	1.8555992606014657	0.08644854552282166	Nuclei_Intensity_IntegratedIntensity_DAPI
-0.8250490711987526	0.6345144685455426	-0.3894365612188036	Nuclei_Intensity_IntegratedIntensity_GFP
-0.36430278111458053	0.48129459806754615	-0.39455909018912055	Nuclei_Intensity_IntegratedIntensity_RFP
1.8199360337649482	-1.4016218015256323	-1.5709702703781592	Nuclei_Intensity_LowerQuartileIntensity_DAPI
-0.2550496763335623	1.594985542054634	-0.9337281957889829	Nuclei_Intensity_LowerQuartileIntensity_GFP
1.6287069834407681	-0.9230296164116875	-0.8634476925967126	Nuclei_Intensity_MADIntensity_CY5
0.8604884129189007	0.18518090046043922	-1.4067651849534026	Nuclei_Intensity_MADIntensity_DAPI
-1.2797849817151066	1.8083137924098003	-1.6135356124995457	Nuclei_Intensity_MADIntensity_GFP
0.14239536646918485	-0.037181520305201	0.5380832465410595	Nuclei_Intensity_MADIntensity_RFP
-0.0019474801037747877	-0.3126111356521459	0.18122541145331975	Nuclei_Intensity_MassDisplacement_CY5
0.7902072336405715	-1.563933283319433	0.7851806465399075	Nuclei_Intensity_MassDisplacement_DAPI
-1.0622580828900325	0.28145454036753037	0.9110261906773707	Nuclei_Intensity_MassDisplacement_GFP
0.2578083432273736	-0.7414122016401307	0.37850482374401045	Nuclei_Intensity_MassDisplacement_RFP
0.7203367113510475	-0.03821851182697888	-0.9250051949241574	Nuclei_Intensity_MaxIntensity_DAPI
-0.5740580240797685	-0.22164610717245314	0.6425174484141691	Nuclei_Intensity_MaxIntensity_GFP
-0.09425174669485108	0.7575040879199282	-0.5307601107989696	Nuclei_Intensity_MaxIntensity_RFP
1.2019155495628135	2.3632283851556304	-3.3514847202807587	Nuclei_Intensity_MeanIntensityEdge_GFP
1.3173018711250226	-2.5376216375497873	2.1489641449087666	Nuclei_Intensity_MedianIntensity_RFP
-0.32190120655704263	0.3681514771974007	0.6516107974176256	Nuclei_Intensity_MinIntensityEdge_GFP
1.0090150011972354	1.8533517905927384	-3.975627846214772	Nuclei_Intensity_MinIntensity_DAPI
-0.8530398644942785	-1.8185548691215692	3.171154152816457	Nuclei_Intensity_MinIntensity_GFP
-1.3732015038036458	0.9533812812669845	0.4696508100645835	Nuclei_Intensity_StdIntensityEdge_CY5
-0.19167123303658617	1.3544421232329535	-2.4345671692546325	Nuclei_Intensity_StdIntensityEdge_DAPI
0.6551543313519678	-1.9080359715227782	0.957404284142338	Nuclei_Intensity_StdIntensityEdge_GFP
-0.6174012680746787	0.9934477265884362	-0.09013962496898069	Nuclei_Intensity_StdIntensityEdge_RFP
-0.01890291316031771	0.37620730962073484	0.08757997410138534	Nuclei_Neighbors_FirstClosestDistance_Adjacent
-0.7214142192906992	0.2736606046357167	0.4034898682700781	Nuclei_RadialDistribution_FracAtD_CY5_1of4
-0.025304710601236707	-0.2899300144704463	0.29244203192079776	Nuclei_RadialDistribution_FracAtD_CY5_2of4
-0.05723951742234416	-0.379745725819438	0.20893219074769867	Nuclei_RadialDistribution_FracAtD_CY5_3of4
-0.5531459880647073	0.11587038414257429	0.3155015099596064	Nuclei_RadialDistribution_FracAtD_CY5_4of4
0.5764677294380973	0.3876134914087733	-0.9735441834578392	Nuclei_RadialDistribution_FracAtD_DAPI_1of4
-0.4963050231954869	-0.6537060960657366	0.7167209963202057	Nuclei_RadialDistribution_FracAtD_DAPI_2of4
0.19880494212167202	-0.8004956668883152	0.8471518719534958	Nuclei_RadialDistribution_FracAtD_DAPI_3of4
-0.8150082816210188	0.4716961105616191	0.06736963832185829	Nuclei_RadialDistribution_FracAtD_DAPI_4of4
-0.2544959718865469	-0.10632534361881506	0.3212766084256915	Nuclei_RadialDistribution_FracAtD_GFP_1of4
-0.5603896506159155	0.770794117118368	-0.7112715220979773	Nuclei_RadialDistribution_FracAtD_GFP_2of4
0.463106631383516	-1.0748928660865935	0.6214214021819197	Nuclei_RadialDistribution_FracAtD_GFP_3of4
-0.7903284073306049	0.12021545592741058	0.5885772163197933	Nuclei_RadialDistribution_FracAtD_GFP_4of4
-0.03380052099249853	0.2021849182604721	-0.30348117443938155	Nuclei_RadialDistribution_FracAtD_RFP_1of4
-0.5439411298963689	0.07983192802784701	0.3455885256612143	Nuclei_RadialDistribution_FracAtD_RFP_2of4
-0.22881119425254412	0.09706490569315318	-0.17784060671255733	Nuclei_RadialDistribution_FracAtD_RFP_3of4
-0.4032303902351934	-0.35792440997171693	0.7424535430593737	Nuclei_RadialDistribution_FracAtD_RFP_4of4
-0.6240668237909358	0.25564642131749715	0.39134752989422816	Nuclei_RadialDistribution_MeanFrac_CY5_1of4
0.2394391553637048	0.045235323475921116	-0.07080639383894247	Nuclei_RadialDistribution_MeanFrac_CY5_2of4
-0.8943155113019932	0.22540973822036595	0.45513846746247066	Nuclei_RadialDistribution_MeanFrac_CY5_3of4
-0.4735000773345454	0.7225781954781699	-0.08157456517824972	Nuclei_RadialDistribution_MeanFrac_CY5_4of4
0.42540258733298714	0.2270271002809021	-0.8163458589834355	Nuclei_RadialDistribution_MeanFrac_DAPI_1of4
0.9017566254088138	-0.8115550518876795	-0.4854708049539513	Nuclei_RadialDistribution_MeanFrac_DAPI_2of4
-1.09321820816552	0.2606846990627032	0.9089000074484981	Nuclei_RadialDistribution_MeanFrac_DAPI_3of4
-0.6229932678232374	1.5028217247225404	-1.4695905178819342	Nuclei_RadialDistribution_MeanFrac_DAPI_4of4
0.3298674382409038	-0.865307850643978	0.26779206451330256	Nuclei_RadialDistribution_MeanFrac_GFP_1of4
0.21936443252370946	0.5935358618714376	-1.1519161952104837	Nuclei_RadialDistribution_MeanFrac_GFP_2of4
-0.329332985436781	-0.13314770895878694	0.5171375419843236	Nuclei_RadialDistribution_MeanFrac_GFP_3of4
-0.5931480755208283	0.862028703621789	-0.0051026821166217816	Nuclei_RadialDistribution_MeanFrac_GFP_4of4
0.33084787978364705	-0.2126273844047287	-0.30148657793875633	Nuclei_RadialDistribution_MeanFrac_RFP_1of4
0.1952113162402374	-0.17499033426184823	0.10595810205330473	Nuclei_RadialDistribution_MeanFrac_RFP_2of4
-1.1986521824117975	1.0280580256617287	-0.24096812390105682	Nuclei_RadialDistribution_MeanFrac_RFP_3of4
0.07451008558152154	-0.10890593921220125	0.3186827324666874	Nuclei_RadialDistribution_MeanFrac_RFP_4of4
2.107197494296032	-0.5954253249373751	-1.4857139711084113	Nuclei_RadialDistribution_RadialCV_CY5_1of4
1.529689962573037	-0.5148522966955145	-0.5042446989918434	Nuclei_RadialDistribution_RadialCV_CY5_2of4
1.8406121353650187	-2.7933356963529135	1.2631010779500367	Nuclei_RadialDistribution_RadialCV_CY5_3of4
-0.6732565597450424	0.48188303532802385	0.08779068162720093	Nuclei_RadialDistribution_RadialCV_CY5_4of4
1.0869699178483279	0.39212163582701326	-1.4325218979311494	Nuclei_RadialDistribution_RadialCV_DAPI_1of4
0.7855889345733732	1.031841450675386	-1.965942276555022	Nuclei_RadialDistribution_RadialCV_DAPI_2of4
-0.4035292419447201	0.3448269614031394	-0.23358550568169356	Nuclei_RadialDistribution_RadialCV_DAPI_3of4
0.28639359110008733	-0.596219645943956	0.7355128060555559	Nuclei_RadialDistribution_RadialCV_DAPI_4of4
-0.6413797553101803	0.5231929629963633	0.390909619681158	Nuclei_RadialDistribution_RadialCV_GFP_1of4
-0.5997037470909646	0.0783874095628242	0.3160199342435256	Nuclei_RadialDistribution_RadialCV_GFP_2of4
-0.7304090161008102	1.6993518369211231	-1.7646519811075851	Nuclei_RadialDistribution_RadialCV_GFP_3of4
0.8864542198854889	-0.031274147213515284	-0.4127924752884196	Nuclei_RadialDistribution_RadialCV_GFP_4of4
-0.6793081764881181	0.057849505759376287	0.9424518138890667	Nuclei_RadialDistribution_RadialCV_RFP_1of4
0.5581111844871799	-0.29278442387450654	0.07551119043212881	Nuclei_RadialDistribution_RadialCV_RFP_2of4
-0.15606466786733247	0.08194183367718853	0.08978162698667239	Nuclei_RadialDistribution_RadialCV_RFP_3of4
-0.7391631792801873	0.6577612203043359	0.26165304988369054	Nuclei_RadialDistribution_RadialCV_RFP_4of4
-2.1103684853541353	0.7975123736740536	1.0252642852019112	Nuclei_Texture_Contrast_DAPI_3_00_256
-1.2958826289092993	-0.5048425427931699	1.4730898983143894	Nuclei_Texture_Contrast_DAPI_3_02_256
0.6367732216070832	-2.311781942296512	1.6078192311366726	Nuclei_Texture_Contrast_GFP_3_00_256
0.05310021859414653	-0.3487768344424816	0.15151137396796077	Nuclei_Texture_Contrast_GFP_3_02_256
-0.36175832739156727	-0.3327943678766581	0.8881571018339788	Nuclei_Texture_Contrast_RFP_3_00_256
-0.006085456284373139	-0.2971940321250699	0.6054087757078884	Nuclei_Texture_Contrast_RFP_3_01_256
-0.22207500172289477	-0.18311133125474394	0.7490319286167828	Nuclei_Texture_Contrast_RFP_3_02_256
-0.13648366005756565	-0.6935328499909128	1.374790259680475	Nuclei_Texture_Contrast_RFP_3_03_256
0.246339819225221	-0.9662928135227569	0.8998824123410339	Nuclei_Texture_Correlation_DAPI_3_00_256
-0.7760220872924676	-0.28102981212293754	1.3019256624823683	Nuclei_Texture_Correlation_DAPI_3_01_256
0.19498424196779826	-1.659603381073531	2.0195951113387993	Nuclei_Texture_Correlation_DAPI_3_02_256
0.013033442628478187	-0.32088780523231364	1.2077705502913083	Nuclei_Texture_Correlation_DAPI_3_03_256
0.27262146183628133	0.27680775340969216	-1.1498686823056026	Nuclei_Texture_Correlation_GFP_3_00_256
-0.0043784059625913245	-0.28156991799352216	0.15744973659507794	Nuclei_Texture_Correlation_GFP_3_01_256
0.4092598654927664	0.5918411597686165	-1.1947988898630713	Nuclei_Texture_Correlation_GFP_3_02_256
-0.296353600071873	-0.20177692388207727	0.3454682166935135	Nuclei_Texture_Correlation_GFP_3_03_256
0.7893799214309399	0.6454104475385556	-1.2050416163615145	Nuclei_Texture_Correlation_RFP_3_00_256
0.11429015681060094	-0.5118161151831787	0.3004292607468506	Nuclei_Texture_Correlation_RFP_3_01_256
0.836126879895895	0.8531708655413085	-0.7806344790844171	Nuclei_Texture_Correlation_RFP_3_02_256
0.013120963340402726	-0.24490531605135593	0.10855438728506514	Nuclei_Texture_Correlation_RFP_3_03_256
-0.2706626288469883	-1.185723616356858	1.1814074486863138	Nuclei_Texture_DifferenceEntropy_RFP_3_00_256
0.1954561058384249	-0.8930410839119647	0.5450577555308563	Nuclei_Texture_DifferenceEntropy_RFP_3_01_256
0.05224560439385779	-0.07962853380136911	0.32296002670197793	Nuclei_Texture_DifferenceEntropy_RFP_3_02_256
-0.024987463891174594	-0.31193159397843384	0.46322056311989473	Nuclei_Texture_DifferenceEntropy_RFP_3_03_256
-0.45023131131163807	4.404729936900505	-4.883999148803431	Nuclei_Texture_InfoMeas1_GFP_3_00_256
0.9752923768878703	-0.7898817725566948	0.036142449832990864	Nuclei_Texture_InfoMeas1_RFP_3_00_256
0.7289163287977878	1.0082286180284714	-1.066919523182201	Nuclei_Texture_InfoMeas1_RFP_3_02_256
-0.655556933360924	-0.09422153744706055	-0.2340507148420336	Nuclei_Texture_InfoMeas2_DAPI_3_01_256
0.4477109908150171	2.5718475815298363	-1.8953549694496614	Nuclei_Texture_InfoMeas2_GFP_3_00_256
-0.4930794614829965	0.2339691710002867	0.2857629721595311	Nuclei_Texture_InfoMeas2_RFP_3_00_256
0.3340171294939109	-0.5727554506052813	0.26602578766856594	Nuclei_Texture_InfoMeas2_RFP_3_01_256
-0.022498477179477522	1.3466170745793233	-1.3580278235786232	Nuclei_Texture_InfoMeas2_RFP_3_02_256
-0.5586213890012095	-0.5965214210170258	0.49017039823387737	Nuclei_Texture_InfoMeas2_RFP_3_03_256
-0.9851354118387551	1.5644901742311028	-0.7683222554271019	Nuclei_Texture_InverseDifferenceMoment_RFP_3_00_256
-1.0400734014927493	1.198370145202069	-0.7220851905517616	Nuclei_Texture_InverseDifferenceMoment_RFP_3_01_256
-0.19423412347602587	0.3931085910491689	-0.6785119744897526	Nuclei_Texture_InverseDifferenceMoment_RFP_3_02_256
-0.8854327684321888	0.1551088786863781	0.2916305421445853	Nuclei_Texture_InverseDifferenceMoment_RFP_3_03_256
-0.1295358878431149	0.4919150377555681	-0.512372327079863	Nuclei_Texture_SumEntropy_RFP_3_00_256
