feature	r2_score	p_value	-log_p	cell_count_coef	plate_coef	Null_coef	WT_coef	compartment
Cytoplasm_Granularity_10_RFP	0.0037617125664257	0.1003252629539767	0.998589693300464	0.0035668092075674	-0.0547577118054782	0.0002926773188153	-0.0002926773188156	actin
Cytoplasm_Intensity_MaxIntensityEdge_RFP	0.0041062181249255	0.0753599505618121	1.1228593951241392	0.0045262376910301	-0.0756843357731082	-0.0251370088643017	0.0251370088643013	actin
Cytoplasm_Intensity_MaxIntensity_RFP	0.0006338886393454	0.8601030189140192	0.0654495279815697	0.000867179392635	-0.0101453541758644	0.0131088137209483	-0.0131088137209483	actin
Cytoplasm_Location_CenterMassIntensity_X_RFP	0.0007866405503756	0.804708211979182	0.094361566712008	0.0017169009877283	-0.0269326316982328	-0.0022247178774269	0.0022247178774267	actin
Cytoplasm_Location_CenterMassIntensity_Y_RFP	0.000656748031542	0.8520359307733876	0.0695420904356676	0.0018676072589494	-0.0362763848469504	-0.0311478870516149	0.0311478870516147	actin
Cytoplasm_Location_MaxIntensity_X_RFP	0.0006511994566603	0.854002759221398	0.068540726134541	0.0017044759477919	-0.0277609512892808	-0.006420169001206	0.0064201690012059	actin
Cytoplasm_Location_MaxIntensity_Y_RFP	0.0005174445711179	0.8994334515678626	0.0460309642651058	0.0017716198893725	-0.0322825850893986	-0.020782759203354	0.0207827592033538	actin
Cytoplasm_RadialDistribution_FracAtD_RFP_1of4	0.0033651275081684	0.1385223330158672	0.8584802026020388	0.0029849522202331	-0.0434724530061837	0.0099280259285686	-0.0099280259285688	actin
Cytoplasm_RadialDistribution_FracAtD_RFP_2of4	0.002975672842688	0.1885793123074293	0.7245059523384797	0.0030269409493874	-0.0455550859462327	0.0040126553094279	-0.0040126553094281	actin
Cytoplasm_RadialDistribution_FracAtD_RFP_3of4	0.0016069979523801	0.5063546830315826	0.295545169084659	0.0026992343448554	-0.0441222182551672	-0.0108237713132133	0.010823771313213	actin
Cytoplasm_RadialDistribution_FracAtD_RFP_4of4	0.0021831595011518	0.3417661919858089	0.4662709005392059	-0.0029029977041593	0.0458248976215361	0.0049397765203576	-0.0049397765203573	actin
Cytoplasm_RadialDistribution_MeanFrac_RFP_1of4	0.0041730961569144	0.0712474758032654	1.1472305174827089	0.0042402008201553	-0.0685295849438199	-0.0137860330167952	0.0137860330167948	actin
Cytoplasm_RadialDistribution_RadialCV_RFP_1of4	0.0026260879754109	0.2466609527386866	0.6078995953513914	0.0004574287005823	-0.0210658753236876	-0.0577644151212342	0.0577644151212339	actin
Cytoplasm_RadialDistribution_RadialCV_RFP_2of4	0.0012068486611087	0.646422970814643	0.1894832191876928	-0.0016614681402573	0.0234019291216489	-0.008800216418893	0.0088002164188931	actin
Cytoplasm_RadialDistribution_RadialCV_RFP_3of4	0.0013550008166336	0.5925396420711423	0.227282589188184	-0.0026668115339786	0.0451915210880772	0.0172763571460721	-0.0172763571460718	actin
Cytoplasm_Texture_Correlation_RFP_3_00_256	0.0014710614494708	0.5518920123455003	0.2581458915288226	-0.0017555195523293	0.024210888924264	-0.0114212252189092	0.0114212252189093	actin
Cytoplasm_Texture_Correlation_RFP_3_01_256	0.0036858884535249	0.1067717390132266	0.9715436837755282	-0.0039652654240318	0.063947222237492	0.0123204727724432	-0.0123204727724429	actin
Cytoplasm_Texture_Correlation_RFP_3_02_256	0.0013894987860894	0.5802999147647814	0.2363474932252125	-0.0028787015808694	0.0536378847701312	0.0386348171718561	-0.0386348171718557	actin
Cytoplasm_Texture_InfoMeas2_RFP_3_00_256	4.1326536445174256e-05	0.9991176341206378	0.0003833757961721	-0.0003276160333626	0.0047508835328603	-0.0011739267209234	0.0011739267209235	actin
Cytoplasm_Texture_InfoMeas2_RFP_3_01_256	0.0008432187421111	0.783539582879089	0.1059390589379047	-0.0007455234593542	0.0204362865385266	0.036945277429544	-0.0369452774295439	actin
Cytoplasm_Texture_InfoMeas2_RFP_3_02_256	0.001067512498067	0.6985924428334038	0.1557761167423221	-0.0017385364926236	0.0376324609422172	0.044895741866098	-0.0448957418660977	actin
Cytoplasm_Texture_InfoMeas2_RFP_3_03_256	0.0007872386429159	0.8044857565851847	0.0944816406777142	-0.0019521702322598	0.0387090841355214	0.0358104345534078	-0.0358104345534075	actin
Cytoplasm_Texture_SumEntropy_RFP_3_00_256	0.0041206300873222	0.0744552274471525	1.1281048053429057	0.0049062056793909	-0.0862707650646675	-0.044669551720725	0.0446695517207244	actin
Cytoplasm_Texture_SumEntropy_RFP_3_01_256	0.0036681301714631	0.1083362271845018	0.9652262928164034	0.0046007829638986	-0.0804530162006923	-0.0400481463093707	0.0400481463093702	actin
Cytoplasm_Texture_SumEntropy_RFP_3_02_256	0.0037387066838654	0.1022418246401055	0.990371408559127	0.0046444280827755	-0.0812101949822949	-0.040403221066766	0.0404032210667654	actin
Cytoplasm_Texture_SumEntropy_RFP_3_03_256	0.0032284038239736	0.1545237430687296	0.8110047803718594	0.0043694185359987	-0.0773310646267303	-0.0418368177529276	0.0418368177529271	actin
Cells_Granularity_10_RFP	0.0034383683968109	0.1305885159438948	0.8840950135777179	0.0033370204962621	-0.0507638056331425	0.0021926184652275	-0.0021926184652277	actin
Cells_Intensity_MassDisplacement_RFP	0.0038670053387507	0.0919738796401826	1.036335493728419	-0.0046355942180638	0.0799238139294048	0.0356674674242658	-0.0356674674242653	actin
Cells_Intensity_MaxIntensityEdge_RFP	0.003275190392597	0.1488677178214752	0.8271994694205088	0.004097638908017	-0.0689981187992121	-0.0247343993114927	0.0247343993114923	actin
Cells_Intensity_MaxIntensity_RFP	0.0005320911942529	0.8946743791199695	0.0483349994133103	0.0008525862657259	-0.010449222110651	0.0109348014839292	-0.0109348014839293	actin
Cells_Location_CenterMassIntensity_X_RFP	0.0007912298790585	0.8030004390586898	0.095284217260903	0.0017114770879423	-0.0267789754851342	-0.00193544811293	0.0019354481129299	actin
Cells_Location_CenterMassIntensity_Y_RFP	0.00065977562916	0.8509604469615447	0.0700906256563644	0.0018792057991074	-0.036429649311754	-0.0310448742682798	0.0310448742682795	actin
Cells_Location_MaxIntensity_X_RFP	0.0005649925214364	0.8837709307854639	0.0536602874615391	0.0015966540698478	-0.0260709296342627	-0.0062860348063862	0.006286034806386	actin
Cells_Location_MaxIntensity_Y_RFP	0.0005106211203331	0.9016294060448024	0.044971932504615	0.001759562980141	-0.0321589709269029	-0.0210368120475502	0.02103681204755	actin
Cells_RadialDistribution_FracAtD_RFP_1of4	0.0037012440667867	0.1054358854498952	0.9770115504100828	0.0028324718753205	-0.0637883772702731	-0.0833386404132763	0.0833386404132757	actin
Cells_RadialDistribution_FracAtD_RFP_2of4	0.001929586916869	0.4083588574184437	0.3889580200038849	0.0022088977554179	-0.0486220982892268	-0.0603686749474399	0.0603686749474395	actin
Cells_RadialDistribution_FracAtD_RFP_3of4	0.0007505577459554	0.8180649890746479	0.0872121935470553	0.0011849101256524	-0.0158816341769293	0.0096014591765987	-0.0096014591765988	actin
Cells_RadialDistribution_FracAtD_RFP_4of4	0.0005840916420557	0.8773161627584004	0.0568438695789428	-0.0018427134110838	0.034794509373358	0.0266236059914119	-0.0266236059914117	actin
Cells_RadialDistribution_RadialCV_RFP_1of4	0.0002783268811634	0.9659096895326548	0.0150634772813225	0.0009751780487235	-0.0150031966586513	-5.271079692228953e-05	5.271079692221493e-05	actin
Cells_Texture_Correlation_RFP_3_00_256	0.0035258229478886	0.1216632238489343	0.9148406797253684	0.004618896898229	-0.0833898371449882	-0.0509898681817642	0.0509898681817637	actin
Cells_Texture_Correlation_RFP_3_01_256	0.0026183283299678	0.2481099958002222	0.6053557386160195	0.0031034927692896	-0.0484944908324554	-0.003242330874023	0.0032423308740227	actin
Cells_Texture_Correlation_RFP_3_02_256	0.0043232040734096	0.0627764192332404	1.2022034600854108	0.0012162913259965	-0.0061754624868943	0.0515370161132742	-0.0515370161132742	actin
Cells_Texture_Correlation_RFP_3_03_256	0.0001843810000144	0.9840634036640504	0.0069769188711622	0.0004115814678921	-0.0106251392999741	-0.0176916829949191	0.017691682994919	actin
Cells_Texture_InfoMeas1_RFP_3_00_256	0.0008153326329296	0.7940025760730643	0.1001780885395259	0.0014123278446415	-0.0312404442065277	-0.039225809791182	0.0392258097911818	actin
Cells_Texture_InfoMeas1_RFP_3_03_256	0.0040044197422901	0.0820517534383811	1.0859121336788156	0.0036196944009157	-0.0766691935002945	-0.0865477162474833	0.0865477162474828	actin
Cells_Texture_InfoMeas2_RFP_3_00_256	0.0030717464542231	0.1749096434602811	0.7571862454891272	0.0041201876408642	-0.0709080290744731	-0.0311688235802013	0.0311688235802009	actin
Cells_Texture_InfoMeas2_RFP_3_01_256	0.0043816721950444	0.0597428321794513	1.223714193001522	0.0021214081046306	-0.0235458769955841	0.0373081839523884	-0.0373081839523885	actin
Cells_Texture_InfoMeas2_RFP_3_03_256	0.0008125907797719	0.7950284398652496	0.0996173354245038	0.0008422078013422	-0.0087414735811316	0.017307153344433	-0.017307153344433	actin
Nuclei_Granularity_10_RFP	0.0018661188425411	0.4264716484881157	0.37010983510474	0.0028639162544017	-0.0464901158664863	-0.0101504653363553	0.010150465336355	actin
Nuclei_Granularity_3_RFP	0.0029009262432447	0.1998662375334784	0.6992605630169483	0.0031765516338884	-0.0666545892608093	-0.0733658484037124	0.0733658484037119	actin
Nuclei_Granularity_4_RFP	0.0011790080782028	0.6567533567742909	0.182597698785781	0.0026742215109904	-0.0486849942614943	-0.0311864692505266	0.0311864692505263	actin
Nuclei_Granularity_5_RFP	0.002872508472941	0.2043123553880668	0.6897053694683332	0.0041437249215929	-0.0738538634841022	-0.0418045086904345	0.041804508690434	actin
Nuclei_Granularity_7_RFP	0.0024626888577774	0.2787540005717308	0.5547788910693088	0.0003884209953611	0.0052766723556281	0.0462939276566562	-0.0462939276566561	actin
Nuclei_Granularity_8_RFP	0.0041232129778308	0.0742941711249129	1.1290452582123442	0.0009100304628709	-0.0007799216834936	0.0543676068417606	-0.0543676068417605	actin
Nuclei_Intensity_MassDisplacement_RFP	0.0003862214686468	0.9389110031470412	0.0273755713908577	0.0010518970947955	-0.0155872221956897	0.0023974943979551	-0.0023974943979552	actin
Nuclei_Location_CenterMassIntensity_X_RFP	0.0007999812744119	0.7997388556580222	0.0970518030849899	0.0016758152818725	-0.0259298061589903	-0.0006966403434338	0.0006966403434337	actin
Nuclei_Location_CenterMassIntensity_Y_RFP	0.0006633711879441	0.8496811547906771	0.070744013924385	0.0019403849259048	-0.0369742781475568	-0.0294157267290815	0.0294157267290813	actin
Nuclei_Location_MaxIntensity_X_RFP	0.000721627156318	0.8286708975763397	0.0816179130495549	0.0017067283383832	-0.0271983391092969	-0.0039619794404641	0.0039619794404639	actin
Nuclei_Location_MaxIntensity_Y_RFP	0.0006965461312004	0.8377782331523768	0.0768709275085964	0.0019804255279468	-0.0378377092008289	-0.0304361881045856	0.0304361881045854	actin
Nuclei_RadialDistribution_FracAtD_RFP_1of4	0.0004276207559165	0.9271370528773312	0.0328560620703837	-0.0010644262275206	0.0232686300547281	0.0284260354361665	-0.0284260354361664	actin
Nuclei_RadialDistribution_FracAtD_RFP_2of4	0.0023931268651403	0.2934529962263503	0.5324614518756507	-0.0011208199263182	0.0087178706002336	-0.0350321198061678	0.0350321198061678	actin
Nuclei_RadialDistribution_RadialCV_RFP_1of4	0.0014037629264905	0.5752769028994948	0.2401230623462433	0.001804814248895	-0.0402360258515166	-0.0514184703693951	0.0514184703693947	actin
Nuclei_Texture_Contrast_RFP_3_00_256	0.0038731829524104	0.0915046775431914	1.038556705067163	0.0048162188689524	-0.0859665147945113	-0.0491107492409274	0.0491107492409268	actin
Nuclei_Texture_Contrast_RFP_3_01_256	0.0033239000902396	0.1431802440288219	0.844116901729049	0.0044079242186536	-0.0775343517773306	-0.0402372778915525	0.040237277891552	actin
Nuclei_Texture_Contrast_RFP_3_02_256	0.0013641716211634	0.5892734799799297	0.2296831037165644	0.0028342682755796	-0.0531996864107241	-0.0396425168028955	0.0396425168028952	actin
Nuclei_Texture_Contrast_RFP_3_03_256	0.0029449045546156	0.1931547710696598	0.7140945599828666	0.0041778276688585	-0.0740382818753545	-0.0404058802369833	0.0404058802369828	actin
Nuclei_Texture_Correlation_RFP_3_03_256	0.002754506982761	0.2237224027546034	0.6502905250426001	0.0019602694407245	-0.0241821668209391	0.0244939903741479	-0.0244939903741479	actin
Cytoplasm_Granularity_10_GFP	0.0001303410675326	0.9917393246479322	0.0036024656926807	-0.0008710848509915	0.0164381720810707	0.0125449775299858	-0.0125449775299857	er
Cytoplasm_Granularity_11_GFP	0.002334802229619	0.3062712118045383	0.5138938231150992	0.0036441557354518	-0.0693886760335573	-0.0550338383859735	0.055033838385973	er
Cytoplasm_Granularity_12_GFP	0.0041811951465038	0.0707640952162436	1.1501870418115965	0.0044415080302174	-0.0732695888892216	-0.0205588988014616	0.0205588988014612	er
Cytoplasm_Granularity_14_GFP	0.0031576534414505	0.1634481604901094	0.7866199627770374	0.0012739510257342	-0.0097546471639018	0.0404534253492546	-0.0404534253492546	er
Cytoplasm_Granularity_15_GFP	0.0020953718002516	0.3637815615844406	0.4391593171061412	0.0008180119208344	-0.0037533449524093	0.0363071386830587	-0.0363071386830586	er
Cytoplasm_Granularity_9_GFP	0.000244250156	0.9731392690021424	0.0118250020431442	0.0011424626512177	-0.0194591560322576	-0.0078090787462417	0.0078090787462415	er
Cytoplasm_Location_CenterMassIntensity_X_GFP	0.0007880425228913	0.8041867100453004	0.0946431083055802	0.0016993933523018	-0.0265332697813122	-0.0016886762440684	0.0016886762440683	er
Cytoplasm_Location_CenterMassIntensity_Y_GFP	0.0006300367516651	0.861452721114533	0.0647685528329127	0.0018512532185438	-0.0357345088109923	-0.0299522771206478	0.0299522771206475	er
Cytoplasm_Location_MaxIntensity_X_GFP	0.0010559337017417	0.7029700284216278	0.1530631910094509	0.0016145749902432	-0.0231469272420815	0.0068828555926124	-0.0068828555926125	er
Cytoplasm_Location_MaxIntensity_Y_GFP	0.0005274894648467	0.896176157872141	0.0476066143643969	0.0016764339782516	-0.0325368637201571	-0.027851778385337	0.0278517783853368	er
Cytoplasm_RadialDistribution_FracAtD_GFP_3of4	0.0041021757779758	0.075615568565123	1.1213887779666956	0.0013376081976134	-0.0089270928139776	0.0478871890580192	-0.0478871890580191	er
Cytoplasm_Texture_AngularSecondMoment_GFP_3_00_256	0.001553984093554	0.5238322122229426	0.2808077988460076	-0.0030306825847071	0.0536217184253277	0.0289524235949642	-0.0289524235949638	er
Cytoplasm_Texture_AngularSecondMoment_GFP_3_01_256	0.0016403898172766	0.4955377460222847	0.304923258908599	-0.0031473946322612	0.0579978838080186	0.0395800946666863	-0.0395800946666859	er
Cytoplasm_Texture_AngularSecondMoment_GFP_3_02_256	0.0016103149702413	0.5052734757840045	0.2964734993532803	-0.0031165794659438	0.0560122151782299	0.0333568713049483	-0.033356871304948	er
Cytoplasm_Texture_AngularSecondMoment_GFP_3_03_256	0.0007063980159772	0.8342112496858456	0.0787239578088843	-0.0020549005628858	0.0382271802437079	0.0273271862020574	-0.0273271862020572	er
Cytoplasm_Texture_Correlation_GFP_3_00_256	0.0045902682577566	0.050016692276799	1.3008850325861885	-0.0039905410416398	0.0615917850699362	0.001026432899465	-0.0010264328994647	er
Cells_Granularity_10_GFP	0.0007553619061868	0.8162943663763285	0.0881532007566332	-0.0014935315839105	0.0321269327931438	0.0377367787566993	-0.0377367787566991	er
Cells_Granularity_11_GFP	0.0014591011801278	0.5560091161009053	0.2549180878426479	0.0029300731446148	-0.0517120917633739	-0.0274580756660373	0.0274580756660369	er
Cells_Granularity_12_GFP	0.0042542238498465	0.0665433293305763	1.1768954740754636	0.0040782250650523	-0.0645495915056258	-0.0076528231765317	0.0076528231765314	er
Cells_Granularity_15_GFP	0.0029349469037193	0.1946565852581834	0.7107308994571765	7.854870458985423e-05	0.0121190376580887	0.0548510724988972	-0.054851072498897	er
Cells_Granularity_2_GFP	0.0018471647588139	0.4319931889773358	0.3645231004371194	0.0025729804423935	-0.0399852809409123	-0.0017844638675422	0.001784463867542	er
Cells_Granularity_9_GFP	0.0008194091787173	0.7924763204456392	0.1010137058337883	0.0002455205894635	0.0026454090209695	0.0264224700612829	-0.0264224700612828	er
Cells_Intensity_MaxIntensity_GFP	0.0044176696479387	0.0579449421065902	1.2369844667075307	-0.0035998996995328	0.0775132923563265	0.0912743931923461	-0.0912743931923455	er
Cells_Location_CenterMassIntensity_X_GFP	0.0007956766052217	0.801343983656713	0.0961810193266429	0.0016980927439741	-0.0264507512618806	-0.0014313242110441	0.001431324211044	er
Cells_Location_CenterMassIntensity_Y_GFP	0.0006334881672256	0.8602434778794763	0.0653786113913582	0.0018575367112588	-0.0358428848136485	-0.0300007895132433	0.030000789513243	er
Cells_Location_MaxIntensity_X_GFP	0.001062607317869	0.7004463894618262	0.1546250989961683	0.0016253473902022	-0.0233385317463606	0.0067757929210782	-0.0067757929210783	er
Cells_Location_MaxIntensity_Y_GFP	0.0004918070276632	0.9076114850348646	0.0421000171329507	0.0015996626552389	-0.031226953244381	-0.0273175889390097	0.0273175889390095	er
Cells_RadialDistribution_FracAtD_GFP_1of4	9.513572403785364e-05	0.9954925332209238	0.0019619930882157	-0.0007318416831456	0.0139832579210523	0.0112506163987204	-0.0112506163987204	er
Cells_RadialDistribution_FracAtD_GFP_2of4	0.0004991113518849	0.9053019507606817	0.0432065438030533	-0.00173325959651	0.0320581105709066	0.0222858942046641	-0.0222858942046639	er
Cells_RadialDistribution_FracAtD_GFP_3of4	0.0041832493028874	0.070641988535916	1.150937084090451	-0.0044422155503375	0.0885354230185213	0.0833474617910887	-0.0833474617910881	er
Cells_RadialDistribution_FracAtD_GFP_4of4	0.0023255361256051	0.3083497279506422	0.5109564304048145	0.0034692821672873	-0.0678078681330054	-0.0595915893161797	0.0595915893161792	er
Cells_RadialDistribution_RadialCV_GFP_4of4	0.0021644768808489	0.3463602185481761	0.4604719949951777	7.5553182307094e-05	0.0102594501409015	0.0470075862573767	-0.0470075862573766	er
Cells_Texture_AngularSecondMoment_GFP_3_01_256	0.0045170203336559	0.0532460725672104	1.2737124202890715	-0.0031245123930913	0.0434186999763219	-0.0189792569617451	0.0189792569617453	er
Cells_Texture_AngularSecondMoment_GFP_3_03_256	0.0043917616070473	0.0592336407493054	1.2274315729687126	-0.0031225885149155	0.0436727092120577	-0.0178120450436596	0.0178120450436597	er
Cells_Texture_InfoMeas1_GFP_3_00_256	0.0038121035346424	0.0962438112050987	1.0166271874910389	0.0047494654453649	-0.0889184962794401	-0.0654844375525969	0.0654844375525963	er
Cells_Texture_InfoMeas1_GFP_3_01_256	0.0028127841503917	0.213942627311359	0.6697026751681936	0.0029181324121472	-0.0625380087590021	-0.0727724418607362	0.0727724418607357	er
Cells_Texture_InfoMeas1_GFP_3_03_256	0.0034664894335791	0.1276548747770145	0.8939625960705839	0.0044070912074402	-0.0843352630864772	-0.0682821569137859	0.0682821569137853	er
Cells_Texture_InfoMeas2_GFP_3_00_256	0.0008517169746365	0.7803414350983944	0.1077153320094615	-0.0022715003703414	0.0411114578373915	0.0254944208771856	-0.0254944208771853	er
Cells_Texture_InfoMeas2_GFP_3_01_256	0.0013261665383932	0.6028655374653653	0.2197795416718903	-0.002827369629366	0.0522143301852329	0.0360233232052486	-0.0360233232052482	er
Cells_Texture_InfoMeas2_GFP_3_02_256	0.0019565128359896	0.4008499450384903	0.3970181716137602	-0.0034397525768552	0.0620418426944752	0.0377272881653404	-0.03772728816534	er
Cells_Texture_InfoMeas2_GFP_3_03_256	0.0015667153532853	0.5196014077284845	0.2843296809864526	-0.0030094756193776	0.0526664376669866	0.0263623077815917	-0.0263623077815914	er
Nuclei_Granularity_10_GFP	0.0039491453845529	0.0859155493756601	1.0659282285213216	-0.0028548844585144	0.0647651979914293	0.0859411339540115	-0.085941133954011	er
Nuclei_Granularity_11_GFP	0.0005627775416604	0.8845137613147607	0.0532954059237629	0.0004893010438738	-0.003189279008026	0.0178312317647578	-0.0178312317647578	er
Nuclei_Granularity_12_GFP	0.0020619278379977	0.3724566376484277	0.4289242816437531	0.0016479988294947	-0.0199649835797536	0.0220942892507555	-0.0220942892507555	er
Nuclei_Granularity_14_GFP	0.0016148474164955	0.5037984675510914	0.2977431578683087	-0.001356453708351	0.033764513218679	0.053149900432504	-0.0531499004325038	er
Nuclei_Granularity_15_GFP	0.0017140693020247	0.4722079678601589	0.3258666890732496	-0.0021072030007904	0.0462179720614556	0.0569076621534371	-0.0569076621534368	er
Nuclei_Granularity_2_GFP	0.0010490319408842	0.705581420050845	0.1514528639244695	-3.86207481008494e-05	-0.0073977489151264	-0.0328922635683254	0.0328922635683252	er
Nuclei_Intensity_IntegratedIntensityEdge_GFP	0.0023987109902465	0.2922495432543798	0.5342461589078075	-0.0034620578196622	0.0681981473524371	0.0616550421896342	-0.0616550421896337	er
Nuclei_Location_CenterMassIntensity_X_GFP	0.0008114697294212	0.795447719046481	0.09938835916732	0.0016900938941754	-0.0261656383322758	-0.0007639032344557	0.0007639032344556	er
Nuclei_Location_CenterMassIntensity_Y_GFP	0.0006535966480188	0.8531536843560859	0.0689727293765646	0.0019190796297447	-0.0366571255202145	-0.0294583323654415	0.0294583323654412	er
Nuclei_Location_MaxIntensity_X_GFP	0.0009143033165371	0.7566877651088701	0.121083288086961	0.0019497869393522	-0.0312698870368414	-0.0053419024631023	0.0053419024631021	er
Nuclei_Location_MaxIntensity_Y_GFP	0.0003456254824234	0.949740735364546	0.0223949342561894	0.0012567414228997	-0.0251988381163605	-0.0242028626655207	0.0242028626655205	er
Nuclei_RadialDistribution_FracAtD_GFP_1of4	0.0001485380863723	0.9894033252135216	0.0046266343807148	-0.0009087611678098	0.0174318661541369	0.0142511828511385	-0.0142511828511384	er
Nuclei_RadialDistribution_FracAtD_GFP_2of4	0.0012889729096122	0.6163065720835541	0.2102032010760682	-0.0012398363952466	0.014531492272814	-0.018633759229155	0.018633759229155	er
Nuclei_RadialDistribution_FracAtD_GFP_4of4	0.0029431137791315	0.1934240928637656	0.7134894312556009	0.0021239062970299	-0.0269514546798618	0.0234490756943002	-0.0234490756943003	er
Nuclei_RadialDistribution_RadialCV_GFP_1of4	0.0006118120305967	0.8677986896688914	0.0615810099685026	-0.0014574214007185	0.0305905002990967	0.0336976027152559	-0.0336976027152556	er
Nuclei_Texture_AngularSecondMoment_GFP_3_00_256	1.70760208327847e-05	0.9998468297502372	6.652608930270773e-05	6.129528612688106e-05	-0.0001015974837367	0.0034599894621718	-0.0034599894621718	er
Nuclei_Texture_AngularSecondMoment_GFP_3_01_256	3.2158432515916324e-05	0.9994623438537784	0.0002335638916242	0.0002959074328635	-0.004336309865346	0.0008740825516439	-0.0008740825516439	er
Nuclei_Texture_AngularSecondMoment_GFP_3_02_256	3.2451022452528733e-06	0.9999944155955318	2.425282817134617e-06	0.0001076057490897	-0.0016706851084058	-6.822053472893596e-05	6.822053472892728e-05	er
Nuclei_Texture_AngularSecondMoment_GFP_3_03_256	4.230527099446935e-05	0.999075963855854	0.000401489322385	0.0004701330883169	-0.0079567168890894	-0.0030040370611493	0.0030040370611492	er
Cytoplasm_Granularity_10_DAPI	0.000870016615441	0.7734418488461786	0.1115723331276185	-0.0009939826604942	0.0114515540986338	-0.0157554230189558	0.0157554230189558	nucleus
Cytoplasm_Granularity_12_DAPI	0.0027519086983069	0.224167412032479	0.6494275219959033	0.0015234576059579	-0.0155708116664409	0.0323007214329432	-0.0323007214329432	nucleus
Cytoplasm_Granularity_13_DAPI	0.000113169079397	0.993699520704412	0.0027449196550695	-0.000206613320088	0.0063401493547697	0.0130232575453152	-0.0130232575453151	nucleus
Cytoplasm_Granularity_14_DAPI	6.74822963525612e-05	0.9976889446982756	0.001004840133224	-0.0006301956910982	0.0118323484817537	0.0088287446695523	-0.0088287446695522	nucleus
Cytoplasm_Granularity_15_DAPI	0.001494568548114	0.5438506026940519	0.2645203858467868	-0.0018671589740721	0.041593611087282	0.0530616588214852	-0.0530616588214848	nucleus
Cytoplasm_Granularity_9_DAPI	0.0018006015906264	0.4457760730461524	0.350883245911628	0.0013816319568592	-0.0348065883329415	-0.0558459935116626	0.0558459935116623	nucleus
Cytoplasm_Location_CenterMassIntensity_X_DAPI	0.0008209714222029	0.7918911021386273	0.1013345368347035	0.0017187153484721	-0.026731761212607	-0.00128315129122	0.0012831512912198	nucleus
Cytoplasm_Location_CenterMassIntensity_Y_DAPI	0.0006408890857526	0.8576427977233153	0.0666935551334524	0.0018432529914507	-0.0358195007865007	-0.0308082745788126	0.0308082745788124	nucleus
Cytoplasm_Location_MaxIntensity_X_DAPI	0.0008102679022686	0.7958971037472358	0.0991430756835873	0.0016134144511718	-0.0245018953261707	0.0012324545692643	-0.0012324545692644	nucleus
Cytoplasm_Location_MaxIntensity_Y_DAPI	0.0005056024748221	0.9032356962374724	0.0441989072515796	0.0016747192388272	-0.032146462733196	-0.026353401283591	0.0263534012835908	nucleus
Cytoplasm_RadialDistribution_FracAtD_DAPI_1of4	0.0033613439476051	0.1389439494482449	0.8571603605703313	-0.0038471267348392	0.0624754445012082	0.0137373641732462	-0.0137373641732458	nucleus
Cytoplasm_RadialDistribution_RadialCV_DAPI_1of4	0.002401462940082	0.2916579799369576	0.5351261365143526	0.0037411443341174	-0.0657123768946159	-0.0337659160753935	0.0337659160753931	nucleus
Cytoplasm_Texture_Correlation_DAPI_3_00_256	0.0035656436514082	0.1177887775434129	0.9288960854669354	-0.0024808854606974	0.0325503992834769	-0.0229902382978591	0.0229902382978592	nucleus
Cytoplasm_Texture_Correlation_DAPI_3_01_256	0.0011767970045039	0.6575761142527337	0.1820539704628871	-0.0003680393610205	-0.0017963477435139	-0.0306795561840553	0.0306795561840552	nucleus
Cytoplasm_Texture_Correlation_DAPI_3_02_256	0.0024564903995981	0.2800381376694643	0.5527828191880839	-0.0009588498215833	0.0054540275038673	-0.0382180519989423	0.0382180519989422	nucleus
Cytoplasm_Texture_Correlation_DAPI_3_03_256	0.0043189661455035	0.0630018918464003	1.2006464091794942	-0.0020469216964075	0.0222131431754425	-0.0380808798147118	0.0380808798147118	nucleus
Cells_Granularity_12_DAPI	0.0036490692724343	0.1100391565863221	0.958452746992914	-0.0036939010001301	0.0579193620765839	0.0046793892751023	-0.004679389275102	nucleus
Cells_Granularity_13_DAPI	0.0028859557772737	0.2021976444142474	0.694223908210166	-0.0034680315882231	0.0556463030646828	0.0096143852638377	-0.0096143852638374	nucleus
Cells_Granularity_14_DAPI	0.0039872938972683	0.08323107125435	1.0797145155934254	-0.0039391199907891	0.0622869918062122	0.0071412805195976	-0.0071412805195973	nucleus
Cells_Granularity_15_DAPI	0.0028840234159289	0.2025003280504023	0.6935742688919591	-0.0041635359699812	0.0745521887450408	0.0434253297155013	-0.0434253297155008	nucleus
Cells_Granularity_16_DAPI	0.0036894979072146	0.1064563288958714	0.9728285143773848	0.004721815684631	-0.0850693288251869	-0.0513908806912284	0.0513908806912278	nucleus
Cells_Intensity_MassDisplacement_DAPI	0.000772190892623	0.810072604084293	0.0914760550224658	-0.0006605213495902	0.0054105534157739	-0.0195217157280137	0.0195217157280137	nucleus
Cells_Location_CenterMassIntensity_X_DAPI	0.0008340281059304	0.7869935376005249	0.104028833836558	0.0017213270081884	-0.0267007783349596	-0.00099038750287	0.0009903875028699	nucleus
Cells_Location_CenterMassIntensity_Y_DAPI	0.0006450941267993	0.8561605728171875	0.0674447758035005	0.0018769534239363	-0.036191097575112	-0.0302055165406706	0.0302055165406704	nucleus
Cells_Location_MaxIntensity_X_DAPI	0.0009058481344471	0.7598913071513627	0.1192485236142649	0.0019049565339576	-0.0303080988704389	-0.0042196600093535	0.0042196600093534	nucleus
Cells_Location_MaxIntensity_Y_DAPI	0.0005788816264865	0.8790855907228095	0.0559688384996243	0.0017324738584187	-0.0338472873357206	-0.029699760414898	0.0296997604148978	nucleus
Cells_RadialDistribution_FracAtD_DAPI_1of4	0.0022348163677421	0.329318171946332	0.4823843040336987	0.0010558095510838	-0.0305586199116395	-0.0589764079779805	0.0589764079779802	nucleus
Cells_RadialDistribution_FracAtD_DAPI_2of4	0.0019782102814027	0.3948751330271325	0.4035402147798877	0.0030469811937985	-0.0607876778839154	-0.0574159011994511	0.0574159011994507	nucleus
Cells_RadialDistribution_MeanFrac_DAPI_2of4	0.002887333276681	0.2019821187490351	0.6946870764561438	-0.0019246760358181	0.0231187320717832	-0.0266190305074904	0.0266190305074905	nucleus
Cells_RadialDistribution_MeanFrac_DAPI_3of4	0.0014543861720121	0.5576368699242884	0.2536485192082901	0.0016836978021878	-0.0228064605468847	0.0126576051002202	-0.0126576051002203	nucleus
Cells_RadialDistribution_MeanFrac_DAPI_4of4	0.002843760022169	0.2088990548933842	0.6800635248618002	-0.0041263775028967	0.0736397650001514	0.0420208641583071	-0.0420208641583066	nucleus
Nuclei_Granularity_15_DAPI	0.0032526783758627	0.1515652401988076	0.8194003878910774	-0.0043385790376858	0.0759612633445256	0.0381500097752347	-0.0381500097752342	nucleus
Nuclei_Granularity_16_DAPI	0.0027265171841915	0.228557121652329	0.6410052419041976	0.0038431383801131	-0.0657243943193949	-0.0273622053145252	0.0273622053145248	nucleus
Nuclei_Granularity_2_DAPI	0.0037835117576389	0.0985401886665081	1.006386610553651	-0.0014110090285422	0.040403287295253	0.0770230061406278	-0.0770230061406274	nucleus
Nuclei_Granularity_3_DAPI	0.0036630142691364	0.1087908700965319	0.9634075497947248	-0.0009752859441673	0.032575336067414	0.0723718369097393	-0.072371836909739	nucleus
Nuclei_Granularity_7_DAPI	0.0024421870398085	0.2830204090444794	0.5481822456919325	0.0024586282171989	-0.0352683254640512	0.0103951865631879	-0.010395186563188	nucleus
Nuclei_Location_CenterMassIntensity_X_DAPI	0.000806859557383	0.7971709430418058	0.0984485397590421	0.0016819110405485	-0.0260170174382013	-0.0006699178584394	0.0006699178584393	nucleus
Nuclei_Location_CenterMassIntensity_Y_DAPI	0.0006627123432814	0.8499157357423742	0.0706241299517842	0.0019353611648498	-0.0369309283654412	-0.0295551553069797	0.0295551553069794	nucleus
Nuclei_Location_MaxIntensity_X_DAPI	0.0008768983972842	0.7708431263607122	0.1130339958633136	0.0018510127375679	-0.0292939674376238	-0.0034585807585359	0.0034585807585357	nucleus
Nuclei_Location_MaxIntensity_Y_DAPI	0.00057787909433	0.879425338631542	0.0558010253329574	0.0017422035479664	-0.0339329552622983	-0.0294367663946677	0.0294367663946675	nucleus
Nuclei_RadialDistribution_RadialCV_DAPI_4of4	0.0007884453301472	0.8040368425507897	0.094724050567576	0.0004540154886318	-0.001398027239654	0.022971404123038	-0.0229714041230379	nucleus
Cytoplasm_AreaShape_BoundingBoxMaximum_X	0.0006686522828195	0.8477981783245556	0.0717075209412387	-0.0002098239324639	-0.0026117374145871	-0.024025348421935	0.0240253484219349	other
Cytoplasm_AreaShape_Center_X	0.0008253840774573	0.790237195752141	0.1022425323238662	0.0017318404680637	-0.0269917595986721	-0.0015228625786101	0.00152286257861	other
Cytoplasm_AreaShape_Center_Y	0.0006476256396724	0.8552666776527195	0.0678984483420491	0.0018503618710664	-0.0359822406355469	-0.0310283232381121	0.0310283232381118	other
Cytoplasm_AreaShape_Compactness	0.0037210957930179	0.1037319371043417	0.984087511954332	0.004257913124454	-0.0843189616643114	-0.0776535738683567	0.0776535738683562	other
Cytoplasm_AreaShape_Eccentricity	0.0044103500606623	0.0583063005551391	1.234284513020008	-0.0049821393838152	0.0952028627189675	0.0766292376948184	-0.0766292376948177	other
Cytoplasm_AreaShape_EulerNumber	0.0011015613456257	0.6857490404406357	0.1638347914254067	0.0024104555849951	-0.044024588888653	-0.0286929961851003	0.0286929961851	other
Cytoplasm_AreaShape_Orientation	0.000112324173379	0.993789681225094	0.002705516958837	-0.0008252930461758	0.0150783701328209	0.0098453602325688	-0.0098453602325687	other
Cytoplasm_AreaShape_Zernike_2_2	0.0013214535727699	0.6045612850898732	0.2185596676282333	-0.002818920183897	0.0521865601878745	0.0364436207208137	-0.0364436207208134	other
Cytoplasm_AreaShape_Zernike_3_1	5.495999858551315e-07	0.9999998395215052	6.969493040761916e-08	-4.9533755058258953e-05	0.0009974538229946	0.0009714589025408	-0.0009714589025408	other
Cytoplasm_AreaShape_Zernike_3_3	0.0003194552093899	0.9563082435525218	0.0194021005095262	-0.0013852221551404	0.0256705992429869	0.01801561614894	-0.0180156161489399	other
Cytoplasm_AreaShape_Zernike_4_0	0.0027762270130549	0.220032560704374	0.657513046960121	0.0040300380514377	-0.0709148929509513	-0.03690084874195	0.0369008487419496	other
Cytoplasm_AreaShape_Zernike_4_2	0.0040513730075518	0.078898568640354	1.1029308755894969	-0.0044659729182783	0.0744287421164819	0.0237820132991014	-0.0237820132991009	other
Cytoplasm_AreaShape_Zernike_4_4	0.003137681995709	0.1660504603092819	0.7797599161540992	-0.0030562606489673	0.0656632645304135	0.0768964337423176	-0.0768964337423171	other
Cytoplasm_AreaShape_Zernike_5_1	0.0010675082288147	0.6985940560612804	0.1557751138469099	0.0024913675211216	-0.0470393129560348	-0.035982126943596	0.0359821269435956	other
Cytoplasm_AreaShape_Zernike_5_3	0.0011295617537078	0.6752267302181656	0.170550373615121	-0.0020997463114562	0.0432629311162911	0.0452166627757718	-0.0452166627757715	other
Cytoplasm_AreaShape_Zernike_5_5	0.0005966185987893	0.8730362010730379	0.0589677475884802	0.0018503474668604	-0.0351194872538236	-0.0274781894534672	0.027478189453467	other
Cytoplasm_AreaShape_Zernike_6_0	0.0022850810579421	0.3175609369441468	0.4981729253664205	0.0033749300870345	-0.0665165745435773	-0.0602463622679495	0.060246362267949	other
Cytoplasm_AreaShape_Zernike_6_2	2.970658701462181e-05	0.9995404325247684	0.0001996334946001	0.0001860767220049	-0.0021636028146674	0.0028678240382752	-0.0028678240382752	other
Cytoplasm_AreaShape_Zernike_6_6	0.0011181228145985	0.6795205828221265	0.16779738386057	-0.0017575224654418	0.0381827086474571	0.0459592864888473	-0.045959286488847	other
Cytoplasm_AreaShape_Zernike_7_3	0.0019179086405771	0.4116481021941131	0.3854738824594917	0.0032105305946435	-0.0621724639148209	-0.0527678163443298	0.0527678163443294	other
Cytoplasm_AreaShape_Zernike_7_5	0.0010324426767446	0.7118637178323952	0.1476031415576317	0.0014998235947499	-0.0337508111855445	-0.0440224761149791	0.0440224761149788	other
Cytoplasm_AreaShape_Zernike_7_7	3.5766377674884e-05	0.9993365740153008	0.0002882178604897	0.0003347874611424	-0.0071376531751248	-0.0081961479726257	0.0081961479726257	other
Cytoplasm_AreaShape_Zernike_8_0	0.0014528502275646	0.5581676915178619	0.2532353054353379	0.0010343802781097	-0.027776660335313	-0.0488818487381221	0.0488818487381219	other
Cytoplasm_AreaShape_Zernike_8_2	1.461736388130852e-05	0.999887572889152	4.8829218773005154e-05	0.0002976545873484	-0.005447373387437	-0.0035884507304784	0.0035884507304783	other
Cytoplasm_AreaShape_Zernike_8_4	0.0015965213573089	0.5097792329261129	0.2926178605287711	-0.0015606591041984	0.0370719099308807	0.0538428656687966	-0.0538428656687963	other
Cytoplasm_AreaShape_Zernike_8_6	0.0024511655886019	0.2811452603365874	0.5510692336093777	-0.0022950321101087	0.0318476505351071	-0.0141237525567554	0.0141237525567555	other
Cytoplasm_AreaShape_Zernike_8_8	0.0023878378749209	0.2945966556464452	0.5307721877124598	-0.0038045380668461	0.0696039194140527	0.04577236156153	-0.0457723615615295	other
Cytoplasm_AreaShape_Zernike_9_3	0.000621427359665	0.8644589281830433	0.0632556359206516	0.0010707097489291	-0.0247029011862625	-0.033931856936258	0.0339318569362578	other
Cytoplasm_AreaShape_Zernike_9_5	0.0002434333673718	0.9733039708451277	0.0117515048044124	0.0012106276492128	-0.0217129172812256	-0.0127726287769787	0.0127726287769786	other
Cytoplasm_AreaShape_Zernike_9_7	0.0008593029886976	0.7774832717413938	0.1093089464407524	-0.0007174932145907	0.0061064505097309	-0.0202620576057489	0.0202620576057489	other
Cytoplasm_AreaShape_Zernike_9_9	0.0007003810085535	0.8363914278888568	0.0775904268821576	0.0019985911415759	-0.0380192275027919	-0.0300339671340884	0.0300339671340881	other
Cytoplasm_Location_Center_X	0.0008253840774573	0.790237195752141	0.1022425323238662	0.0017318404680637	-0.0269917595986721	-0.0015228625786101	0.00152286257861	other
Cytoplasm_Location_Center_Y	0.0006476256396724	0.8552666776527195	0.0678984483420491	0.0018503618710664	-0.0359822406355469	-0.0310283232381121	0.0310283232381118	other
Cells_AreaShape_BoundingBoxMaximum_X	0.0006686522828195	0.8477981783245556	0.0717075209412387	-0.0002098239324639	-0.0026117374145871	-0.024025348421935	0.0240253484219349	other
Cells_AreaShape_Center_X	0.0008302980036644	0.7883938531473361	0.1032567704334363	0.001729942070236	-0.0269161332175293	-0.0013317004084575	0.0013317004084574	other
Cells_AreaShape_Center_Y	0.0006503890261101	0.8542895781870036	0.068394891733121	0.0018583173524822	-0.036098138972053	-0.0310020102426031	0.0310020102426028	other
Cells_AreaShape_EulerNumber	0.000348530908431	0.9489909345710604	0.0227379362392713	0.0008797672948826	-0.0193377482019544	-0.0239301331452137	0.0239301331452135	other
Cells_AreaShape_Orientation	0.0001784950987597	0.9850051255973948	0.0065615095908417	-0.000611741027738	0.0084382634643169	-0.0039734928439106	0.0039734928439106	other
Cells_AreaShape_Zernike_3_1	0.0004503354341574	0.9203930174629986	0.0360266847543636	0.0005893983725379	-0.0156942866020587	-0.0273055186557128	0.0273055186557126	other
Cells_AreaShape_Zernike_3_3	0.0007526418191126	0.8172971937670584	0.0876199922516067	0.0006492769922105	-0.0052871817716155	0.0193180749312928	-0.0193180749312928	other
Cells_AreaShape_Zernike_4_0	0.0043731047309816	0.0601784762954822	1.2205588126883535	-0.0028412177716653	0.0655451372364332	0.0900160133810529	-0.0900160133810524	other
Cells_AreaShape_Zernike_4_2	0.0014758728192487	0.5502406430856714	0.2594473339464669	-0.0029914810431472	0.0543016639705088	0.034231327383843	-0.0342313273838426	other
Cells_AreaShape_Zernike_5_1	0.0002578852629412	0.9703294743108934	0.0130807764764722	-0.0007087730985864	0.0162188262039189	0.0219116433718441	-0.021911643371844	other
Cells_AreaShape_Zernike_5_3	0.0018648175518585	0.4268490799770846	0.3697256503119014	-0.0026557237082162	0.0549973420821021	0.0583381011954059	-0.0583381011954054	other
Cells_AreaShape_Zernike_5_5	0.0020122698407087	0.3856329038828715	0.4138259172870869	0.0031042959223913	-0.0513908504236159	-0.0151127709724231	0.0151127709724228	other
Cells_AreaShape_Zernike_6_0	0.003683137462729	0.1070127160717665	0.970564613046822	-0.0043329412064884	0.0849822991068396	0.075636799553374	-0.0756367995533734	other
Cells_AreaShape_Zernike_6_2	0.0025907151056472	0.2533261357667822	0.5963200015487748	-0.0032992981597646	0.067148956566947	0.0676344514985259	-0.0676344514985254	other
Cells_AreaShape_Zernike_6_6	0.0042689466120394	0.0657217918165289	1.182290604618853	-0.0002557081487509	0.0209808170261751	0.0701772000107222	-0.0701772000107219	other
Cells_AreaShape_Zernike_7_1	0.0004428904338822	0.9226244392939272	0.0349750455982069	0.0005609402963758	-0.015163037316313	-0.0269194714315464	0.0269194714315462	other
Cells_AreaShape_Zernike_7_3	0.0023848128588921	0.2952524365163957	0.5298065097643728	0.0001952842493796	-0.015756679636974	-0.0524979661761881	0.0524979661761879	other
Cells_AreaShape_Zernike_7_5	0.0012847635678912	0.6178359966589995	0.2091267922227383	0.0026516758417479	-0.0510984655572795	-0.0425466502665857	0.0425466502665854	other
Cells_AreaShape_Zernike_7_7	0.000548231678592	0.8893610144594	0.0509219119640401	0.0009108099925049	-0.011514505998534	0.0102339731982652	-0.0102339731982652	other
Cells_AreaShape_Zernike_8_0	0.0003775389054712	0.9412895559517226	0.0262767599858267	-0.0004853434499406	0.0042358730897837	-0.0132731111076188	0.0132731111076188	other
Cells_AreaShape_Zernike_8_2	0.0029472730818966	0.1927990718828015	0.7148950610822961	-0.0013306313400332	0.0371254206231898	0.068616993092103	-0.0686169930921026	other
Cells_AreaShape_Zernike_8_4	0.0016493480423445	0.4926614494530394	0.3074514197523706	-0.0029048319055092	0.0569261057955824	0.050515684475732	-0.0505156844757316	other
Cells_AreaShape_Zernike_8_6	0.0016574318450265	0.490075289628527	0.3097371947502219	-0.0024922184398086	0.039095282676057	0.003231100535162	-0.0032311005351618	other
Cells_AreaShape_Zernike_8_8	0.0016859670480802	0.4810179365074902	0.317838729071092	-0.0024727349514248	0.051549605630697	0.0557251264219268	-0.0557251264219265	other
Cells_AreaShape_Zernike_9_1	0.0027890512931407	0.2178790911512268	0.6617844449870747	0.0038090295401562	-0.0643895194246548	-0.02402600399663	0.0240260039966296	other
Cells_AreaShape_Zernike_9_3	0.0003545321147699	0.94742952304088	0.0234530862599816	-0.0013366673849789	0.0224076599745078	0.007657604138982	-0.0076576041389819	other
Cells_AreaShape_Zernike_9_5	0.0007169404841426	0.8303792183836569	0.0807235282988916	0.0012619906917111	-0.0283171344785397	-0.0367054760228798	0.0367054760228796	other
Cells_AreaShape_Zernike_9_7	0.0004407368201084	0.9232661549050436	0.0346730845166972	-0.0007298862543083	0.0085942263456449	-0.0108066189389924	0.0108066189389924	other
Cells_AreaShape_Zernike_9_9	0.0011453036345397	0.6693294254564786	0.1743600818656674	0.0025420228136594	-0.0440610556818539	-0.0205188193513162	0.0205188193513159	other
Cells_Location_Center_X	0.0008302980036644	0.7883938531473361	0.1032567704334363	0.001729942070236	-0.0269161332175293	-0.0013317004084575	0.0013317004084574	other
Cells_Location_Center_Y	0.0006503890261101	0.8542895781870036	0.068394891733121	0.0018583173524822	-0.036098138972053	-0.0310020102426031	0.0310020102426028	other
Cells_Neighbors_PercentTouching_Adjacent	0.0028555668216504	0.2070044314399394	0.6840203573000264	0.002066997979506	-0.0492488939078647	-0.0719265444678065	0.0719265444678061	other
Nuclei_AreaShape_BoundingBoxMaximum_X	0.0004926107949491	0.9073581628814094	0.0422212493686855	0.0014861126639564	-0.0242310691801645	-0.005707237226439	0.0057072372264389	other
Nuclei_AreaShape_BoundingBoxMaximum_Y	0.0006935246930872	0.8388693591064669	0.0763056685358614	0.001630891958399	-0.0336985196868483	-0.0355145383081372	0.035514538308137	other
Nuclei_AreaShape_BoundingBoxMinimum_X	0.0012326398627382	0.6369046142642774	0.1959256047141903	0.0018734282893756	-0.0277237495893599	0.0044225832230218	-0.004422583223022	other
Nuclei_AreaShape_BoundingBoxMinimum_Y	0.0008393790131071	0.7849832248753968	0.1051396240469664	0.0022454750401202	-0.0401843716502405	-0.0233252108013458	0.0233252108013455	other
Nuclei_AreaShape_Center_X	0.0008069496923879	0.7971372674489196	0.0984668864301202	0.0016800538744685	-0.0259756106069839	-0.0006169927237823	0.0006169927237821	other
Nuclei_AreaShape_Center_Y	0.0006668564579445	0.8484390056290597	0.0713793737008968	0.0019437938319414	-0.0370611200344724	-0.0295574812896329	0.0295574812896326	other
Nuclei_AreaShape_Compactness	0.0029285054809995	0.1956336079121809	0.7085565356576411	-0.0030308609584684	0.0457948803947288	-0.0032736940182203	0.0032736940182205	other
Nuclei_AreaShape_Extent	0.0011300994653143	0.6750250607505153	0.1706801034006409	0.0025761474341372	-0.0484205294839089	-0.0363031038354846	0.0363031038354842	other
Nuclei_AreaShape_FormFactor	0.0039171198860924	0.0882316986698468	1.0543753594920766	0.0025868591449977	-0.0338453420187056	0.0243652916550304	-0.0243652916550305	other
Nuclei_AreaShape_Orientation	0.000617252403672	0.8659113775252177	0.0625265539656333	0.0018835527963555	-0.0357285199835846	-0.0278840298172947	0.0278840298172945	other
Nuclei_AreaShape_Zernike_1_1	0.0010879676443152	0.6908709136381439	0.1606030911666781	-0.0003793977245981	0.0150706496386415	0.0380254261178709	-0.0380254261178707	other
Nuclei_AreaShape_Zernike_3_1	0.001836831231464	0.4350251719548443	0.3614856126435236	-0.0010843589713726	0.0298891994745946	0.0544147857634148	-0.0544147857634145	other
Nuclei_AreaShape_Zernike_4_2	0.000564718860001	0.8838627738815538	0.0536151571273943	-0.0015629530697427	0.0316501687949667	0.0313821399704255	-0.0313821399704253	other
Nuclei_AreaShape_Zernike_5_1	0.0004098899964276	0.932264671105942	0.0304607733941491	-0.0013235391389213	0.0213531295181024	0.0041478406627491	-0.004147840662749	other
Nuclei_AreaShape_Zernike_5_3	4.5811707679810354e-05	0.998919034781518	0.0004697111459841	0.0001997312544088	-0.0020708450774881	0.0041135334219394	-0.0041135334219394	other
Nuclei_AreaShape_Zernike_6_0	0.000747116827458	0.8193316008486865	0.0865402944881664	0.0013362396311054	-0.0296598821093894	-0.0375344128528198	0.0375344128528195	other
Nuclei_AreaShape_Zernike_6_4	0.0035536520460041	0.1189433546525506	0.9246598169167304	0.0007439301434207	-0.0282688269507948	-0.0692843892671438	0.0692843892671435	other
Nuclei_AreaShape_Zernike_6_6	2.50764301990003e-05	0.9996714873598254	0.0001426946666476	-0.0003897786776107	0.0071420287242603	0.0047348575496101	-0.00473485754961	other
Nuclei_AreaShape_Zernike_7_1	0.0035199212823608	0.1222473547458128	0.912760529600874	6.924406406573475e-05	0.013578412351945	0.0602690723530627	-0.0602690723530625	other
Nuclei_AreaShape_Zernike_7_3	0.0007192527460109	0.8295367449974073	0.0811643717901126	-0.0012705360148081	0.0284653997359059	0.0367750641371187	-0.0367750641371185	other
Nuclei_AreaShape_Zernike_7_5	0.0011631827702947	0.6626492239396506	0.1787163063180145	0.0006576303240817	-0.0037116077004293	0.0263315667231951	-0.0263315667231951	other
Nuclei_AreaShape_Zernike_9_1	0.0002404433776346	0.97390335498731	0.0114841380682068	-0.0005916732907774	0.0141577349622794	0.0208372228881954	-0.0208372228881953	other
Nuclei_AreaShape_Zernike_9_3	2.9651386554641057e-05	0.999542121561672	0.0001988996185474	0.0001028966190155	-0.0031955263466675	-0.0066423297721081	0.006642329772108	other
Nuclei_AreaShape_Zernike_9_5	0.0001408048281874	0.990427938907513	0.0041771171706634	0.0006605600038711	-0.0099549505709706	0.0008196743643961	-0.0008196743643962	other
Nuclei_Location_Center_X	0.0008069496923879	0.7971372674489196	0.0984668864301202	0.0016800538744685	-0.0259756106069839	-0.0006169927237823	0.0006169927237821	other
Nuclei_Location_Center_Y	0.0006668564579445	0.8484390056290597	0.0713793737008968	0.0019437938319414	-0.0370611200344724	-0.0295574812896329	0.0295574812896326	other
Nuclei_Neighbors_AngleBetweenNeighbors_Adjacent	0.0043660451287296	0.0605397134945174	1.2179596386824607	0.0007011839528236	-0.0291456781129999	-0.0755980159815341	0.0755980159815338	other
Cytoplasm_Correlation_Correlation_GFP_RFP	0.0019958770431518	0.390060331207924	0.4088682148087051	0.0018136544577989	-0.0425696926526793	-0.0604643927558384	0.060464392755838	other
Cytoplasm_Correlation_Manders_GFP_RFP	0.0044917511369424	0.0544055523582631	1.2643567761197343	0.0051918713847196	-0.0962903363809543	-0.0678354537225479	0.0678354537225472	other
Cells_Correlation_Manders_GFP_RFP	0.0043207722668777	0.062905706085838	1.2013099585420777	0.0048449837453477	-0.0935539832751249	-0.0785203926182648	0.0785203926182641	other
Nuclei_Correlation_Costes_GFP_RFP	0.0027040154606116	0.2325097386856933	0.6335588519401313	-0.0014390924685554	0.0383694404669437	0.0668749630810768	-0.0668749630810765	other
Nuclei_Correlation_Manders_GFP_RFP	0.0001563005162706	0.9883283746167368	0.005098735989355	0.0009610455497743	-0.0180060543420698	-0.0133064713918775	0.0133064713918774	other
Nuclei_Correlation_Overlap_GFP_RFP	0.0007342909798635	0.8240407973909194	0.0840512863087782	-0.0015076284699692	0.0322021648091979	0.0371545181327314	-0.0371545181327311	other
Nuclei_Correlation_RWC_GFP_RFP	0.0041642828603923	0.0717770336861608	1.144014493625393	0.0020737447585981	-0.0524738707432852	-0.084773501115112	0.0847735011151116	other
Nuclei_Correlation_RWC_RFP_GFP	0.0017896074019385	0.4490755600731195	0.3476805797941144	0.001771699968436	-0.0411903960223877	-0.0574417490820493	0.0574417490820489	other
Cytoplasm_Correlation_Manders_RFP_DAPI	0.0001455635404582	0.9898029487911398	0.0044512566858923	-0.0003623708894618	0.0093845437689665	0.0156990188686843	-0.0156990188686842	other
Cytoplasm_Correlation_RWC_DAPI_RFP	0.0003289541781874	0.9539638694053856	0.0204680735296711	-0.0012842748998345	0.0215014969484857	0.0072427652487012	-0.007242765248701	other
Cytoplasm_Correlation_RWC_RFP_DAPI	0.0011901726515266	0.6526040608105218	0.1853502281544651	-0.0024868535375875	0.0485607984337623	0.042530077114726	-0.0425300771147257	other
Nuclei_Correlation_Manders_DAPI_RFP	0.0003548282703975	0.9473520293555764	0.0234886102283102	0.0012507589608186	-0.0252429773741715	-0.0247630483994902	0.02476304839949	other
Nuclei_Correlation_Manders_RFP_DAPI	0.0006703475639939	0.8471927376411222	0.0720177757710915	-0.0010841604293917	0.0246815908186427	0.0329931187023357	-0.0329931187023355	other
Cytoplasm_Correlation_Manders_GFP_DAPI	0.0017588441984072	0.4583991703870796	0.3387561770280998	-0.0019730427438016	0.0442960425345264	0.0574854399610166	-0.0574854399610163	other
Cytoplasm_Correlation_RWC_GFP_DAPI	0.0040815277114809	0.0769340543175093	1.1138813802448684	0.0045670669000405	-0.0768384367681438	-0.0273039563786379	0.0273039563786374	other
Cells_Correlation_Overlap_DAPI_GFP	0.0035468255613133	0.1196052879976049	0.9222496188642316	0.0036878280018297	-0.0762026908630778	-0.0803167972663356	0.080316797266335	other
Nuclei_Correlation_Manders_GFP_DAPI	0.0007620641436754	0.8138200273288702	0.0894716267813413	-0.001236679277527	0.0275934027714221	0.0353280921836848	-0.0353280921836845	other
