parameter_search_idx	min_test_merror_mean	min_test_merror_std	min_test_merror_mean_idx	max_test_accuracy_mean
0	0.24440587425919763	0.005919656450770831	73	0.7555941257408023
1	0.24099211309657634	0.0061868348555265545	65	0.7590078869034237
2	0.23852747825930556	0.005876393725368932	74	0.7614725217406945
3	0.2408025396368607	0.008244911703757365	69	0.7591974603631393
4	0.24080325908073058	0.0028165370684154417	76	0.7591967409192695
5	0.25161182406000165	0.004355113459117655	98	0.7483881759399984
6	0.24156245222443054	0.0076647670231543945	67	0.7584375477755695
7	0.2371999244583937	0.0066900458971637265	93	0.7628000755416063
8	0.3056499725712024	0.00565260304603387	33	0.6943500274287976
9	0.24421594107754702	0.0051319452961913125	53	0.7557840589224529
10	0.2523697581769292	0.010294276152170656	45	0.7476302418230708
11	0.29711736827432395	0.0089448665961389	99	0.702882631725676
12	0.23796127593370323	0.011484303201666319	91	0.7620387240662968
13	0.24023579772835596	0.0060396801358529794	98	0.759764202271644
14	0.2411825858611293	0.004057625253371783	68	0.7588174141388707
15	0.23644145075856363	0.00680091265331872	72	0.7635585492414364
16	0.2472491164329973	0.008796675928002139	64	0.7527508835670027
17	0.23644127089759617	0.007827348396447454	73	0.7635587291024039
18	0.2705734866947849	0.005425112035935326	96	0.7294265133052151
19	0.23663174366214917	0.011046657986274399	68	0.7633682563378508
20	0.2408023597758932	0.004483305407768053	99	0.7591976402241067
21	0.24004280691025834	0.009130833530960914	78	0.7599571930897416
22	0.23985377303344518	0.009369553510461981	55	0.7601462269665549
23	0.2389075244835742	0.010932129935911094	96	0.7610924755164258
24	0.24137341834761733	0.0049961230336725854	98	0.7586265816523827
25	0.2387197496335333	0.007053740597227607	73	0.7612802503664667
26	0.23378832162738203	0.01089811227885573	72	0.7662116783726179
27	0.23871723157998867	0.008933478860360314	68	0.7612827684200113
28	0.23815102925438633	0.00794389975240767	99	0.7618489707456136
29	0.3200577353705586	0.013677978058796647	17	0.6799422646294414
30	0.23909565905555005	0.011656519665486545	77	0.7609043409444499
31	0.228668039605385	0.008856463985150387	97	0.7713319603946149
32	0.2603331025117584	0.007946290510576486	99	0.7396668974882417
33	0.24478502117862894	0.007639859480906011	84	0.7552149788213711
34	0.23776954414237794	0.007524214672194242	94	0.7622304558576221
35	0.2427007922875617	0.003977026073159139	98	0.7572992077124383
36	0.28043220590483553	0.01060946686946004	99	0.7195677940951645
37	0.23037456046476076	0.007484944136680492	97	0.7696254395352392
38	0.2364416306195311	0.006619400194344262	96	0.7635583693804688
39	0.2445965268847181	0.001749599629646974	98	0.7554034731152819
40	0.2372017230680684	0.005960366421241943	94	0.7627982769319316
41	0.2637472233963146	0.003703962718890453	99	0.7362527766036854
42	0.24800902902056707	0.009411629266107143	98	0.7519909709794329
43	0.24307957948505807	0.01274542308477287	78	0.7569204205149419
44	0.23719830570968642	0.011923813019640997	79	0.7628016942903135
45	0.23587362968425407	0.008192738530696284	98	0.7641263703157459
46	0.23663426171569374	0.009090319603612161	75	0.7633657382843062
47	0.23947786361142837	0.009520227942258645	75	0.7605221363885717
48	0.242318048148781	0.012475439737924763	74	0.757681951851219
49	0.24440659370306755	0.007872959160531762	70	0.7555934062969325
50	0.2411824060001619	0.004047242888217399	99	0.7588175939998381
51	0.23871885032869594	0.009872348147006795	90	0.7612811496713041
52	0.24080559727330772	0.00749404377374444	79	0.7591944027266923
53	0.24023705675512827	0.006492167903269886	97	0.7597629432448717
54	0.28081189240716925	0.008218417116242606	78	0.7191881075928308
55	0.24213045315970755	0.008719861235528245	95	0.7578695468402925
56	0.23985593136505484	0.003647653836217981	45	0.7601440686349452
57	0.23587255051844921	0.006713602812954879	85	0.7641274494815508
58	0.2423223648120003	0.007647335087231523	97	0.7576776351879997
59	0.23625151757691304	0.013658602193309676	90	0.7637484824230869
60	0.26450587695711214	0.0077029097423458245	99	0.7354941230428879
61	0.24289108519114722	0.009839187552850143	73	0.7571089148088528
62	0.23890914323228146	0.01352157558710329	97	0.7610908567677186
63	0.23397717564322784	0.005852848377497982	79	0.7660228243567722
64	0.2529409966096207	0.008271616144217614	97	0.7470590033903792
65	0.24345710765578205	0.006500452366328888	52	0.7565428923442179
66	0.23890644531776933	0.006813298739398354	85	0.7610935546822306
67	0.240044965241868	0.006133030768831374	73	0.759955034758132
68	0.23947498583594878	0.01000272604771486	55	0.7605250141640512
69	0.23473475003822042	0.013794027918350832	99	0.7652652499617796
70	0.2377690045594755	0.005776463621412937	98	0.7622309954405245
71	0.26052411485921384	0.0076897639483057495	97	0.7394758851407861
72	0.25047222497009813	0.010723310603144617	44	0.7495277750299019
73	0.23303002778851947	0.007054284666392058	96	0.7669699722114806
74	0.23796055648983336	0.00817567618128912	99	0.7620394435101666
75	0.23757943109975987	0.008111740528333666	77	0.7624205689002401
76	0.2317017545437377	0.006975584369332324	79	0.7682982454562624
77	0.23871759130192363	0.004663970526878919	99	0.7612824086980764
78	0.24156407097313776	0.008386980518117931	99	0.7584359290268623
79	0.24364704083743263	0.003958130493562096	76	0.7563529591625674
80	0.24592390082466253	0.0056641242913558765	98	0.7540760991753375
81	0.25540617102979396	0.009813970853462367	98	0.7445938289702061
82	0.2296155471820283	0.00914285148377158	89	0.7703844528179717
83	0.23720082376323098	0.010343001173182995	47	0.762799176236769
84	0.23985503206021747	0.0065627931853275544	65	0.7601449679397825
85	0.24194249844869917	0.006473549244940978	55	0.7580575015513008
86	0.23435776145039888	0.01038486527880387	70	0.7656422385496011
87	0.23416692896391086	0.006569727263535021	95	0.7658330710360891
88	0.2324609476874376	0.012258583304007883	80	0.7675390523125624
89	0.24023381925771375	0.010277166197461855	64	0.7597661807422862
90	0.233975736755488	0.007966100767901236	99	0.766024263244512
91	0.24706026241715154	0.005734599649099586	99	0.7529397375828485
92	0.2502848098419922	0.006875278738137245	58	0.7497151901580078
93	0.24194303803160158	0.007615362078854122	44	0.7580569619683984
94	0.22980655952948373	0.0061583441319568765	99	0.7701934404705163
95	0.24023651717222588	0.01089852034917783	63	0.7597634828277742
96	0.2445965268847181	0.006553806994545954	81	0.7554034731152819
97	0.23928487279333077	0.013641351170337691	55	0.7607151272066692
98	0.2741752025684146	0.005667429576451644	99	0.7258247974315855
99	0.24099193323560889	0.008505134473538175	86	0.7590080667643911
100	0.24232056620232562	0.007396709684334007	53	0.7576794337976744
101	0.2717112871750137	0.006570483630075277	99	0.7282887128249863
102	0.26128132953227157	0.0019840473023352415	99	0.7387186704677284
103	0.2351147962624891	0.0052900340593585605	97	0.7648852037375109
104	0.23454751477108196	0.007378280634664303	84	0.7654524852289181
105	0.23587219079651428	0.010296154780267824	66	0.7641278092034858
106	0.245733607921077	0.011023500735577549	63	0.754266392078923
107	0.24251049938397617	0.005574625855814131	56	0.7574895006160238
108	0.25407735820210975	0.005783043862791645	98	0.7459226417978903
109	0.23284045432880385	0.008926376880205235	99	0.7671595456711962
110	0.2356842360855059	0.008609369975635465	81	0.7643157639144941
111	0.2389057258738995	0.009292741172702214	98	0.7610942741261005
112	0.23663246310601904	0.01255314996391783	83	0.763367536893981
113	0.24857649037294172	0.008981204240341387	47	0.7514235096270583
114	0.24668057591481785	0.009623439972383676	46	0.7533194240851822
115	0.2415617327805606	0.011046095117197152	91	0.7584382672194394
116	0.23681771990251535	0.01526183046439079	86	0.7631822800974847
117	0.28687824311806975	0.012778030350114164	98	0.7131217568819302
118	0.2364428896463034	0.008143450670279674	99	0.7635571103536967
119	0.24421809940915673	0.004332412283380685	61	0.7557819005908433
120	0.24535320197487342	0.008055537979036327	62	0.7546467980251266
121	0.23625205715981545	0.008387805262870732	95	0.7637479428401845
122	0.24288964630340745	0.008570209581063738	74	0.7571103536965925
123	0.24004622426864036	0.005760985770043851	96	0.7599537757313597
124	0.2389069849006718	0.004637783652414708	97	0.7610930150993283
125	0.27000440659370306	0.004079321699510088	99	0.7299955934062969
126	0.23947588514078616	0.01578749507508177	79	0.7605241148592139
127	0.24270133187046414	0.007992979658837898	72	0.7572986681295358
128	0.24440659370306755	0.0076177618310275235	89	0.7555934062969325
129	0.24838763635709596	0.00379359372296156	98	0.7516123636429041
130	0.24232092592426055	0.011511351776113296	81	0.7576790740757394
131	0.24326555572542427	0.010056695960355163	51	0.7567344442745757
132	0.24099409156721854	0.00786459187753592	85	0.7590059084327815
133	0.23359712941895916	0.008031889053074618	91	0.7664028705810408
134	0.23587344982328656	0.01088254550492279	94	0.7641265501767134
135	0.23644073131469376	0.010170611504215514	87	0.7635592686853062
136	0.23322139985790985	0.007474399504837486	98	0.7667786001420902
137	0.2440252884520266	0.00986804188437577	65	0.7559747115479734
138	0.2445945484140759	0.008151573642714117	68	0.7554054515859241
139	0.2364416306195311	0.011293902074899694	83	0.7635583693804688
140	0.26507477719722655	0.004558231455690584	99	0.7349252228027734
141	0.25369893072654837	0.0068830321903583175	99	0.7463010692734516
142	0.2468706889574359	0.00700537181123388	80	0.7531293110425641
143	0.23928307418365602	0.010951555593053604	64	0.760716925816344
144	0.24535464086261322	0.00386066243712862	51	0.7546453591373867
145	0.25653893540293354	0.012675611989145847	67	0.7434610645970665
146	0.23776900455947553	0.005650664394950811	73	0.7622309954405244
147	0.2404235725783969	0.004284330318250696	86	0.7595764274216031
148	0.24194213872676423	0.00432748319455001	95	0.7580578612732358
149	0.2430785003192532	0.007380493670193778	96	0.7569214996807467
150	0.23833844438249235	0.0036868088010132342	58	0.7616615556175077
151	0.23264980170328337	0.004213102769325128	96	0.7673501982967166
152	0.26943550635358865	0.005022519289389902	41	0.7305644936464113
153	0.24080217991492575	0.01654517448277902	49	0.7591978200850742
154	0.2428887469985701	0.00915434424332097	96	0.7571112530014299
155	0.23283919530203154	0.006404216360364236	94	0.7671608046979684
156	0.2434581868215869	0.009051769015604215	62	0.7565418131784131
157	0.23682113726089732	0.005496935475850468	76	0.7631788627391027
158	0.24857900842648634	0.00856025719681388	51	0.7514209915735137
159	0.24023597758932347	0.014396977431777742	69	0.7597640224106765
160	0.24307760101441586	0.008900249244828058	60	0.7569223989855841
161	0.23947480597498133	0.006995936484693064	72	0.7605251940250186
162	0.24781891597794906	0.006776865642011698	90	0.752181084022051
163	0.25957588783870067	0.004334091024520079	98	0.7404241121612993
164	0.24175202568414617	0.006485058772439148	62	0.7582479743158539
165	0.23321888180436523	0.0067319316121486625	95	0.7667811181956348
166	0.23416818799068323	0.006695300874893696	99	0.7658318120093168
167	0.23852855742511037	0.005702343201413835	93	0.7614714425748896
168	0.2686764930708563	0.002715697656136105	97	0.7313235069291437
169	0.24137305862568237	0.004279644893124341	64	0.7586269413743176
170	0.24383661429714829	0.009646778763676048	66	0.7561633857028517
171	0.23966581832243677	0.010968399405701173	75	0.7603341816775633
172	0.2428880275547002	0.00950264248687693	74	0.7571119724452998
173	0.24630232830022392	0.0032825978893176702	50	0.7536976716997761
174	0.2364409111756612	0.010890928470429866	70	0.7635590888243388
175	0.23758122970943463	0.004660677470747176	97	0.7624187702905654
176	0.23738913819617435	0.008937189753391547	62	0.7626108618038256
177	0.2385271185373706	0.011289390471030959	67	0.7614728814626294
178	0.2406142252039174	0.00793565953064238	99	0.7593857747960826
179	0.2591956617534646	0.0062590647180835665	99	0.7408043382465355
180	0.24004424579799816	0.004860677339825555	68	0.7599557542020019
181	0.24364560194969287	0.013267346454162986	53	0.7563543980503071
182	0.2502846299810247	0.0053712122564007645	99	0.7497153700189754
183	0.24288892685953756	0.007376787609990697	49	0.7571110731404624
184	0.23625133771594556	0.008411837394228214	91	0.7637486622840545
185	0.24440515481532774	0.004588007080537193	99	0.7555948451846722
186	0.23321888180436523	0.008089761266109068	96	0.7667811181956348
187	0.24156317166830038	0.005309959771049599	64	0.7584368283316996
188	0.24364722069840017	0.008579689735312241	76	0.7563527793015998
189	0.2667812980566023	0.003165232449980171	99	0.7332187019433978
190	0.24137341834761733	0.013002807883226941	80	0.7586265816523827
191	0.23719812584871894	0.009561971577151999	73	0.7628018741512811
192	0.23852567964963084	0.013430563797703585	55	0.7614743203503691
193	0.2360632031439697	0.002895054245309412	84	0.7639367968560303
194	0.23985629108698978	0.0022032387079558716	99	0.7601437089130102
195	0.24288964630340745	0.00638316726487483	62	0.7571103536965925
196	0.24478646006636867	0.006631530760570632	97	0.7552135399336313
197	0.23682419489734435	0.010727210873790697	98	0.7631758051026556
198	0.24080487782943782	0.00651903426445663	53	0.7591951221705622
199	0.2451647076809626	0.008136956851053022	71	0.7548352923190373
200	0.24118186641725944	0.010855258565783859	67	0.7588181335827405
201	0.2554045522810867	0.011983071442754624	45	0.7445954477189133
202	0.24099193323560889	0.009521856000461876	74	0.7590080667643911
203	0.24307868018022072	0.013076541975911949	67	0.7569213198197793
204	0.24023256023094147	0.010509883055603773	66	0.7597674397690586
205	0.23245914907776286	0.005871674534666257	78	0.7675408509222371
206	0.24421737996528683	0.013554387970679326	70	0.7557826200347132
207	0.23606410244880704	0.004466012957171249	91	0.763935897551193
208	0.27626140993012405	0.006410733110960695	96	0.723738590069876
209	0.24421666052141697	0.0063509933389240564	72	0.755783339478583
210	0.23928631168107053	0.008822538856416835	63	0.7607136883189295
211	0.23833898396539474	0.007896990237747585	63	0.7616610160346052
212	0.23530472944413966	0.007622592519843234	91	0.7646952705558603
213	0.2457323488943047	0.00796366341662048	68	0.7542676511056953
214	0.28403374191749775	0.008724420786267482	96	0.7159662580825022
215	0.23701107044254793	0.005997482404912027	75	0.7629889295574521
216	0.2343583010333013	0.0065892873317685416	95	0.7656416989666988
217	0.24137197945987748	0.0057353858643012755	53	0.7586280205401226
218	0.2354957417915951	0.007086275750244449	94	0.764504258208405
219	0.24478592048346628	0.005213123232451895	96	0.7552140795165337
220	0.24478502117862894	0.006355973928023217	41	0.7552149788213711
221	0.2815701862460318	0.0038063550199394273	99	0.7184298137539682
222	0.23208270007284368	0.007962413543087498	93	0.7679172999271563
223	0.23985431261634757	0.00724205218059188	79	0.7601456873836524
224	0.23530347041736738	0.008134384200786061	83	0.7646965295826327
225	0.2440243891471892	0.010688161203154299	39	0.7559756108528108
226	0.247819275699884	0.00694674836895006	99	0.752180724300116
227	0.24763024182307075	0.004791149996105562	42	0.7523697581769293
228	0.25085227119436676	0.00572650127112145	95	0.7491477288056332
229	0.24061548423068965	0.008086452573719228	99	0.7593845157693103
230	0.2372015432071009	0.010850711828714587	69	0.7627984567928991
231	0.24364668111549773	0.007418413787830468	80	0.7563533188845023
232	0.24421702024335187	0.001770445607358199	58	0.7557829797566481
233	0.23587273037941672	0.0044312130718045266	97	0.7641272696205833
234	0.23909727780425732	0.007172216054092787	71	0.7609027221957427
235	0.249333525185032	0.014037046691063353	50	0.7506664748149681
236	0.25085406980404146	0.005006642417396427	99	0.7491459301959585
237	0.262798816514834	0.003677863524978713	99	0.737201183485166
238	0.23208126118510392	0.004133920094105347	69	0.767918738814896
239	0.23928703112494037	0.009896519548711232	76	0.7607129688750596
240	0.2468706889574359	0.00976910327842167	78	0.7531293110425641
241	0.23776954414237794	0.01143006060736737	70	0.7622304558576221
242	0.24042195382968962	0.007320035296729451	75	0.7595780461703103
243	0.23872028921643568	0.009213730258250712	86	0.7612797107835643
244	0.25198737376008346	0.010804033085573225	47	0.7480126262399165
245	0.234356682284594	0.007599050176203328	72	0.7656433177154061
246	0.24383589485327845	0.007931143772306255	82	0.7561641051467216
247	0.24857685009487668	0.0041062554308056755	46	0.7514231499051234
248	0.24611365414534564	0.003142193236810929	46	0.7538863458546543
249	0.2389087835103465	0.0069716383254412205	99	0.7610912164896535
250	0.25199205014523773	0.004324047151323328	97	0.7480079498547623
251	0.23473672850886268	0.0106389913332627	98	0.7652632714911374
252	0.2396650988785669	0.01088743820268582	97	0.7603349011214331
253	0.2383384443824923	0.006451687725355531	56	0.7616615556175077
254	0.24137251904277993	0.003185679563143338	89	0.7586274809572201
255	0.2389050064300296	0.009543616596200356	96	0.7610949935699705
256	0.2531289513206291	0.007232084398969952	99	0.7468710486793708
257	0.2480104679083069	0.01034026640614647	64	0.7519895320916932
258	0.25938505535221273	0.004553870478902707	94	0.7406149446477872
259	0.23644181048049856	0.006088400081169878	96	0.7635581895195014
260	0.2411849240537065	0.007607298526738131	80	0.7588150759462935
261	0.23340791568117844	0.007993347104543679	99	0.7665920843188215
262	0.23985341331151017	0.007313851050804125	87	0.7601465866884898
263	0.24042591077097403	0.004162123533516734	68	0.7595740892290259
264	0.23814869106180922	0.010797997041093906	63	0.7618513089381908
265	0.24251157854978103	0.0073901048262711416	68	0.757488421450219
266	0.24326771405703393	0.006056183394862708	96	0.756732285942966
267	0.3083045405901238	0.01295167446595541	33	0.6916954594098762
268	0.24649028301123233	0.011173962948081576	65	0.7535097169887677
269	0.2499060226444958	0.0124851740185627	60	0.7500939773555042
270	0.24971554987994277	0.004998599384849749	50	0.7502844501200572
271	0.25862514276464293	0.010563555008015308	84	0.7413748572353571
272	0.24383733374101818	0.007065043348009108	94	0.7561626662589818
273	0.24535482072358067	0.004933295732105585	99	0.7546451792764193
274	0.2705729471118825	0.004684625695070969	96	0.7294270528881175
275	0.26090218261284026	0.007038691923961882	98	0.7390978173871597
276	0.2428874879717978	0.009602923049879326	52	0.7571125120282022
277	0.24459742618955546	0.005616791527943693	37	0.7554025738104445
278	0.2370112503035154	0.013582233006813521	76	0.7629887496964847
279	0.23947804347239582	0.004923429954711004	51	0.7605219565276042
280	0.23890842378841154	0.011496176315510304	78	0.7610915762115884
281	0.23814923064471163	0.010333716478964377	93	0.7618507693552884
282	0.23720136334613345	0.002498853311488736	75	0.7627986366538666
283	0.23189186758635572	0.004110909229008174	75	0.7681081324136443
284	0.24800902902056712	0.0030258175578730586	97	0.7519909709794329
285	0.24004622426864036	0.008227364693877541	98	0.7599537757313597
286	0.23056431378544384	0.013071886606333101	94	0.7694356862145562
287	0.2635583693804689	0.01129390207489969	99	0.7364416306195312
288	0.32062897380325006	0.007962611815063117	26	0.6793710261967499
289	0.23795875788015866	0.003677281738465505	84	0.7620412421198414
290	0.2400458645467054	0.00874628127148812	73	0.7599541354532946
291	0.2751225302840904	0.007494503114437056	97	0.7248774697159096
292	0.23833826452152485	0.007667557425217758	64	0.7616617354784752
293	0.2383388041044273	0.005821184404566654	80	0.7616611958955727
294	0.24687194798420822	0.008093558445203854	98	0.7531280520157918
295	0.2662131172603578	0.0048583524364243375	97	0.7337868827396422
296	0.24819590456577068	0.007924400176998568	79	0.7518040954342293
297	0.23568441594647335	0.008186434558591743	92	0.7643155840535266
298	0.2409930124014137	0.003915535752787111	98	0.7590069875985863
299	0.2455456532100686	0.008667721376664992	99	0.7544543467899314
300	0.23852819770317546	0.004196733937180432	76	0.7614718022968245
301	0.24933568351664165	0.005329719884302444	53	0.7506643164833584
302	0.23663120407924673	0.006987938864772723	98	0.7633687959207532
303	0.23075388724515947	0.006390139868956213	97	0.7692461127548406
304	0.2406135057600475	0.006998531413668956	61	0.7593864942399525
305	0.2447839420128241	0.011484806190634628	71	0.7552160579871758
306	0.2396672572101765	0.01308876496456683	97	0.7603327427898234
307	0.24004604440767285	0.0056904784570727404	75	0.7599539555923271
308	0.24213297121325214	0.006144021363453665	66	0.7578670287867478
309	0.23833952354829718	0.006573848768568823	99	0.7616604764517028
310	0.24175274512801606	0.006621708293461337	99	0.758247254871984
311	0.2466821946635251	0.009226448058384582	48	0.7533178053364749
312	0.25142099157351366	0.00440123372848659	98	0.7485790084264863
313	0.2411822261391944	0.004295694971652741	40	0.7588177738608056
314	0.23606266356106728	0.007430649931386171	99	0.7639373364389327
315	0.23871867046772843	0.012226435909273033	76	0.7612813295322716
316	0.2385281977031754	0.009071998107963043	98	0.7614718022968245
317	0.23985557164311988	0.0032029726937404346	84	0.7601444283568801
318	0.23340863512504834	0.0034792540787011946	95	0.7665913648749516
319	0.23606284342203473	0.008766905379805052	79	0.7639371565779652
320	0.2379594773240285	0.00669035434898827	80	0.7620405226759714
321	0.2643159437754615	0.009091919381181349	98	0.7356840562245385
322	0.24213045315970755	0.01107950836382159	92	0.7578695468402925
323	0.24270133187046414	0.007213054272579159	75	0.7572986681295358
324	0.23473636878692772	0.006847811124612916	91	0.7652636312130723
325	0.23947642472368855	0.004455648216968892	62	0.7605235752763114
326	0.25066377690045594	0.005743047765289673	59	0.7493362230995441
327	0.267157207478619	0.007628228323309392	14	0.732842792521381
328	0.239857909835697	0.008060335206250003	60	0.760142090164303
329	0.23454697518817955	0.010327201428574536	99	0.7654530248118204
330	0.2404224934125921	0.010499356047245797	98	0.759577506587408
331	0.32081728823619343	0.011829783448177447	32	0.6791827117638065
332	0.2356827971977661	0.008097332853215487	95	0.7643172028022339
333	0.23966707734920906	0.009237653854316684	71	0.7603329226507909
334	0.23587380954522152	0.0064844140315806304	85	0.7641261904547785
335	0.2610931949602957	0.010557070238482593	98	0.7389068050397043
336	0.24648938370639498	0.010232006028209215	53	0.753510616293605
337	0.2493353237947067	0.011725402513942409	70	0.7506646762052933
338	0.23757817207298756	0.010306280348090037	98	0.7624218279270124
339	0.24213171218647983	0.006408042830637587	79	0.7578682878135201
340	0.24687086881840337	0.007880301013618429	52	0.7531291311815966
341	0.24687104867937087	0.007724658863838513	97	0.7531289513206292
342	0.2529368598073689	0.011832308764690163	32	0.7470631401926311
343	0.23947462611401385	0.006886725038333675	76	0.7605253738859862
344	0.24174986735253645	0.0068155457502561525	50	0.7582501326474635
345	0.23625277660368535	0.003728140328109058	98	0.7637472233963146
346	0.23777152261302015	0.004117996190232885	82	0.7622284773869799
347	0.30413266544960743	0.008241472931017896	53	0.6958673345503925
348	0.2656442170202433	0.008231967993950486	99	0.7343557829797567
349	0.2466796766099805	0.01149308634562545	49	0.7533203233900195
350	0.24895815534591761	0.0064007062628232796	98	0.7510418446540824
351	0.22980727897335357	0.0065522801533656186	96	0.7701927210266464
352	0.236632822827954	0.012048822627160298	83	0.763367177172046
353	0.26109229565545833	0.0042298484017966095	81	0.7389077043445417
354	0.23701214960835273	0.008295892367546227	99	0.7629878503916473
355	0.30925168844483214	0.007175236828342722	31	0.6907483115551678
356	0.2339789742529025	0.008659713340947426	84	0.7660210257470975
357	0.23530526902704207	0.008314802732326602	79	0.7646947309729579
358	0.23397681592129285	0.01293930663611438	99	0.7660231840787072
359	0.23302822917884475	0.0052339356604852545	99	0.7669717708211552
360	0.25104184465408236	0.007487525709267338	45	0.7489581553459177
361	0.23758140957040208	0.008212884351465322	85	0.7624185904295979
362	0.2971171884133565	0.008837955276571096	99	0.7028828115866435
363	0.24023579772835596	0.011175216053824995	70	0.759764202271644
364	0.24591904457854077	0.014302179381005751	47	0.7540809554214593
365	0.23511533584539152	0.006331725073505517	78	0.7648846641546085
366	0.2334062969324712	0.008559907034448692	99	0.7665937030675288
367	0.23814905078374418	0.011052353650410148	71	0.7618509492162558
368	0.23795821829725625	0.006399464081035229	59	0.7620417817027437
369	0.2417523854060811	0.008922275392058716	99	0.7582476145939189
370	0.23909691808232236	0.007645860905429044	94	0.7609030819176776
371	0.24649100245510222	0.0064103525137742525	67	0.7535089975448978
372	0.24345962570932667	0.008240929986139801	50	0.7565403742906733
373	0.23795929746306105	0.00449877683441041	85	0.7620407025369389
374	0.23037545976959808	0.004365184090744328	98	0.7696245402304019
375	0.24478538090056387	0.013799714175271587	47	0.7552146190994361
376	0.2390967382213549	0.01515916806635501	61	0.7609032617786451
377	0.24156353139023534	0.006964337099437742	91	0.7584364686097647
378	0.2313227874852739	0.011439151026820452	82	0.7686772125147261
379	0.24478610034443374	0.006535979434769883	78	0.7552138996555663
380	0.2425090604962364	0.007501622084312873	69	0.7574909395037636
381	0.23663210338408408	0.010138417500848774	99	0.7633678966159159
382	0.23928487279333072	0.006450993203040358	69	0.7607151272066692
383	0.23227155408868944	0.006914147506613291	99	0.7677284459113105
384	0.24364937903000977	0.006478266732507941	67	0.7563506209699902
385	0.25085047258469206	0.011898463617568496	67	0.7491495274153079
386	0.25559358615789995	0.004515220986558973	97	0.7444064138421
387	0.25767799490993465	0.005352408078476998	99	0.7423220050900654
388	0.2400444256589656	0.0065661696947162855	56	0.7599555743410344
389	0.2385278379812405	0.0056410123688796785	68	0.7614721620187594
390	0.23966563846146932	0.008573345254423754	71	0.7603343615385307
391	0.2466821946635251	0.009187414317505083	98	0.7533178053364749
392	0.24307598226570862	0.010003760335409971	55	0.7569240177342914
393	0.24137126001600762	0.005706588731127257	62	0.7586287399839924
394	0.23909583891651756	0.008918019918553998	95	0.7609041610834825
395	0.24440587425919763	0.00705527831576197	43	0.7555941257408023
396	0.23379119940286158	0.012041314587560921	91	0.7662088005971384
397	0.23663300268892146	0.011549935989415656	63	0.7633669973110786
398	0.23473636878692772	0.007804381774587257	85	0.7652636312130723
399	0.2409931922623812	0.007290495167117416	58	0.7590068077376189
400	0.24118204627822695	0.005432404802294793	42	0.7588179537217731
401	0.24213171218647983	0.008048736341447232	78	0.7578682878135201
402	0.24800866929863216	0.0035458474837053388	98	0.7519913307013678
403	0.25464571885932175	0.004564938451020049	97	0.7453542811406783
404	0.2400458645467054	0.006644783601764796	97	0.7599541354532946
405	0.2538867055765893	0.006483612069315164	99	0.7461132944234107
406	0.23720046404129608	0.010877170791008839	61	0.7627995359587039
407	0.2396654586005018	0.007589872032965461	81	0.7603345413994982
408	0.2449745946383446	0.008122130765099815	56	0.7550254053616554
409	0.23757817207298756	0.009620963459787966	97	0.7624218279270124
410	0.23416495049326871	0.01080265480462874	85	0.7658350495067313
411	0.2406126064552101	0.010176276937234958	72	0.7593873935447899
412	0.24194159914386182	0.008095808364547177	60	0.7580584008561382
413	0.26791819923199367	0.0019642808864875996	98	0.7320818007680063
414	0.24156227236346303	0.004455195737878844	56	0.7584377276365369
415	0.2379574988533863	0.006941726375860901	78	0.7620425011466136
416	0.23625277660368535	0.008212599727408095	97	0.7637472233963146
417	0.23720280223387324	0.009098208142343278	98	0.7627971977661268
418	0.23587596787683118	0.00821819216279652	92	0.7641240321231688
419	0.2372017230680684	0.008989325315475617	97	0.7627982769319316
420	0.297117008552389	0.010589950299377898	98	0.702882991447611
421	0.2935147530958569	0.010445283516612535	98	0.7064852469041432
422	0.24307921976312313	0.007595403106137443	54	0.7569207802368769
423	0.23075424696709446	0.009365622443550025	97	0.7692457530329055
424	0.23852819770317546	0.00911152630482163	97	0.7614718022968245
425	0.23246058796550267	0.006074827072323474	96	0.7675394120344974
426	0.23757853179492253	0.01165514846361339	97	0.7624214682050775
427	0.24099139365270644	0.013599434336110466	55	0.7590086063472936
428	0.2567317463600637	0.005942422255347757	92	0.7432682536399363
429	0.24061188701134023	0.008441415274987369	61	0.7593881129886597
430	0.238340602714102	0.013548147947412352	97	0.761659397285898
431	0.2394758851407862	0.00674358901934356	67	0.7605241148592138
432	0.24137305862568237	0.009515825483616517	72	0.7586269413743176
433	0.2421311726035774	0.011967576554374679	75	0.7578688273964226
434	0.2427004325656268	0.00927774779475749	69	0.7572995674343732
435	0.24193998039515457	0.008795770151876514	99	0.7580600196048455
436	0.2508528107772692	0.008645431408643704	40	0.7491471892227308
437	0.23265052114715323	0.00895817018806441	94	0.7673494788528468
438	0.2468701493745335	0.006935559116739401	47	0.7531298506254664
439	0.2476300619621033	0.00805684031574992	51	0.7523699380378968
440	0.24573342806010956	0.008475594887442229	61	0.7542665719398904
441	0.23644199034146607	0.004460875064124688	90	0.7635580096585339
442	0.3215745029092511	0.009817318985304468	26	0.6784254970907488
443	0.2421313524645449	0.005927599467352896	71	0.7578686475354551
444	0.24042411216129933	0.004711524614022345	60	0.7595758878387007
445	0.23549430290385534	0.0032189154907466817	99	0.7645056970961447
446	0.23549394318192035	0.005204690564909801	96	0.7645060568180797
447	0.2394762448627211	0.003495860308596598	98	0.7605237551372789
448	0.24611095623083354	0.007859705890534568	49	0.7538890437691664
449	0.2620417817027437	0.01143671203169222	98	0.7379582182972563
450	0.2396645592956644	0.005057096112834837	81	0.7603354407043356
451	0.24421432232883977	0.008483390658298461	62	0.7557856776711602
452	0.23758033040459722	0.012492363625649379	94	0.7624196695954027
453	0.24971590960187773	0.009209984444833792	96	0.7502840903981223
454	0.2445965268847181	0.013898691666093217	51	0.7554034731152819
455	0.23966635790533916	0.006127390035786389	69	0.7603336420946608
456	0.25085317049920414	0.014014016033583189	54	0.7491468295007959
457	0.23738949791810932	0.008364732814401346	91	0.7626105020818907
458	0.2902905653929512	0.011104435418637874	99	0.7097094346070487
459	0.23814851120084174	0.011781165052462548	67	0.7618514887991583
460	0.29294603271671	0.008046555918855022	99	0.7070539672832901
461	0.23587434912812394	0.005451914316224224	99	0.7641256508718761
462	0.24573252875527216	0.005925540644007817	51	0.7542674712447278
463	0.23928685126397292	0.007730537168770621	54	0.760713148736027
464	0.24535518044551557	0.0070987644945007655	98	0.7546448195544844
465	0.2512332167234727	0.008457758397196547	50	0.7487667832765272
466	0.2500957759651789	0.0029825869769246724	98	0.749904224034821
467	0.24194123942192686	0.01267302426088715	99	0.7580587605780731
468	0.23587524843296132	0.004522962658283513	96	0.7641247515670386
469	0.2571096342527227	0.005134667119213321	98	0.7428903657472773
470	0.24250960007913883	0.010474334410888358	55	0.7574903999208612
471	0.24402420928622176	0.012768566814095621	54	0.7559757907137783
472	0.23701053085964546	0.008507760539674884	77	0.7629894691403545
473	0.24706170130489133	0.004544891067253309	50	0.7529382986951086
474	0.23549592165256256	0.006511310378955826	78	0.7645040783474375
475	0.23985485219924998	0.013533153837018565	94	0.76014514780075
476	0.23511335737474934	0.009480974175986496	85	0.7648866426252506
477	0.2385271185373706	0.0066658333309075005	68	0.7614728814626294
478	0.23928613182010308	0.00935188189153153	94	0.760713868179897
479	0.2466796766099805	0.0074043315698720654	42	0.7533203233900195
480	0.23189294675216057	0.005030743348267566	98	0.7681070532478395
481	0.248387276635161	0.009658322043225729	46	0.751612723364839
482	0.2428876678327653	0.007362145710043955	45	0.7571123321672347
483	0.239476964306591	0.0038367256936451956	95	0.760523035693409
484	0.23644360909017328	0.006821673495191036	59	0.7635563909098267
485	0.24971393113123558	0.00805091398763157	55	0.7502860688687645
486	0.2472498358768672	0.005470032140361256	43	0.7527501641231328
487	0.234925042941806	0.007679232148351573	76	0.7650749570581941
488	0.24838637733032365	0.012422532563446784	77	0.7516136226696764
489	0.23739111666681656	0.0005245291040675662	82	0.7626088833331834
490	0.23151290052789192	0.006812643503767386	97	0.768487099472108
491	0.23833754507765495	0.0061919648452971885	57	0.7616624549223451
492	0.23189204744732322	0.005303057256761393	97	0.7681079525526768
493	0.23701178988641783	0.0034449469341818455	99	0.7629882101135822
494	0.2377697240033454	0.005835763373943977	94	0.7622302759966546
495	0.23947732402852595	0.008571769024314632	78	0.760522675971474
496	0.2973067618730721	0.012304556015144106	97	0.702693238126928
497	0.25180139751971725	0.00937816715760464	98	0.7481986024802827
498	0.23530544888800958	0.00896446606030625	94	0.7646945511119905
499	0.24194016025612203	0.005765662134802464	60	0.758059839743878
500	0.2432691529447737	0.0068079485542145	97	0.7567308470552263
501	0.2483899745496731	0.012363627079190441	36	0.7516100254503268
502	0.2324605879655027	0.0043513762931233005	98	0.7675394120344973
503	0.25559340629693245	0.0057335527968502805	99	0.7444065937030675
504	0.23606536147557938	0.010541835667860964	73	0.7639346385244206
505	0.23511515598442406	0.0038068063886647244	95	0.764884844015576
506	0.244975134221247	0.003898139988815842	88	0.755024865778753
507	0.2669714110992203	0.0056127545727704155	99	0.7330285889007797
508	0.24364937903000977	0.006907824210132176	45	0.7563506209699902
509	0.23587237065748176	0.009213316287854236	98	0.7641276293425182
510	0.22677194528629369	0.008312428864959595	98	0.7732280547137063
511	0.23758015054362977	0.011531465133448045	96	0.7624198494563702
512	0.23378814176641455	0.0078449908430548	96	0.7662118582335855
513	0.2449749543602795	0.010691013285212072	64	0.7550250456397205
514	0.24137179959891006	0.0074224573836032945	99	0.7586282004010899
515	0.23151272066692447	0.01048524556364869	97	0.7684872793330755
516	0.23549466262579025	0.008334635125031055	84	0.7645053373742098
517	0.31551013066899286	0.009180193681630384	19	0.6844898693310071
518	0.23966707734920906	0.01208592702420603	76	0.7603329226507909
519	0.24459580744084822	0.011159708764019952	48	0.7554041925591518
520	0.28251679451783773	0.008178020922834433	99	0.7174832054821623
521	0.2335973092799266	0.01644732629769514	96	0.7664026907200734
522	0.25369659253397125	0.008593285414259627	33	0.7463034074660287
523	0.2586267615133502	0.002979922396342411	98	0.7413732384866498
524	0.26583127242641436	0.004237434370593737	99	0.7341687275735856
525	0.23530365027833486	0.007800997832621576	87	0.7646963497216651
526	0.22961770551363797	0.006465224804605318	96	0.7703822944863621
527	0.23871849060676098	0.007060462206896848	99	0.761281509393239
528	0.2434569277948146	0.006549250179671183	99	0.7565430722051854
529	0.23587542829392882	0.009309820466068156	81	0.7641245717060712
530	0.24440695342500246	0.00634340769210384	98	0.7555930465749976
531	0.24004640412960782	0.006610623064485999	71	0.7599535958703922
532	0.2400440659370307	0.0068748950606073	60	0.7599559340629694
533	0.24554475390523126	0.00999126676410769	79	0.7544552460947688
534	0.2404264503538765	0.010102156862954252	57	0.7595735496461236
535	0.24118042752951968	0.0076096339764367615	89	0.7588195724704803
536	0.24270007284369183	0.0070173836100811265	47	0.7572999271563081
537	0.23871777116289108	0.006696019171472288	76	0.7612822288371089
538	0.2510436432637571	0.00618654538018945	99	0.748956356736243
539	0.236251877298848	0.014945627714918879	72	0.763748122701152
540	0.2351149761234566	0.010691933725237968	82	0.7648850238765434
541	0.2354955619306276	0.005068514614393709	99	0.7645044380693724
542	0.24800920888153458	0.006958253667564924	98	0.7519907911184655
543	0.25237047762079917	0.005391475399797492	87	0.7476295223792009
544	0.24345872640448932	0.008191629226554848	96	0.7565412735955107
545	0.25066467620529326	0.005017819461651182	81	0.7493353237947067
546	0.24421899871399405	0.009987041170179551	47	0.755781001286006
547	0.24288838727663514	0.01288153228799898	99	0.7571116127233648
548	0.2419394408122521	0.011802505432543268	74	0.7580605591877478
549	0.24080361880266557	0.0085317469114686	94	0.7591963811973345
550	0.24023399911868126	0.007585832548425389	98	0.7597660008813187
551	0.23720136334613345	0.007026377717331104	86	0.7627986366538666
552	0.2408005611662185	0.012179761245105301	68	0.7591994388337815
553	0.2451656069858	0.010111036516820672	73	0.7548343930142
554	0.24232074606329307	0.009600697993931099	96	0.757679253936707
555	0.23682149698283225	0.00430356316251536	53	0.7631785030171677
556	0.24971465057510547	0.008248126333397618	39	0.7502853494248946
557	0.24193908109031717	0.008002022245296867	45	0.7580609189096829
558	0.2466820148025576	0.004667613894503832	98	0.7533179851974424
559	0.23833970340926464	0.0058582303527510374	85	0.7616602965907353
560	0.24232218495103286	0.008053445488847339	55	0.7576778150489671
561	0.23283901544106406	0.00642607238406771	98	0.767160984558936
562	0.2383388041044273	0.00572783073886731	78	0.7616611958955727
563	0.24061206687230768	0.009180018352469054	94	0.7593879331276923
564	0.24099409156721854	0.006942285551700685	75	0.7590059084327815
565	0.2299966725721018	0.01052396512860017	98	0.7700033274278982
566	0.2426977346511147	0.007976157901613693	73	0.7573022653488853
567	0.24724749768429005	0.01399916847437162	34	0.75275250231571
568	0.23625241688175042	0.008566909208785155	95	0.7637475831182496
569	0.24383733374101818	0.005523428765705838	99	0.7561626662589818
570	0.23852963659091522	0.005492413936676503	98	0.7614703634090848
571	0.2550232470300458	0.006288683527827127	32	0.7449767529699542
572	0.23397627633839044	0.010959520587738343	80	0.7660237236616095
573	0.2324596886606653	0.004704187818580765	75	0.7675403113393346
574	0.26716116441990334	0.007716511899206414	96	0.7328388355800967
575	0.23321798249952783	0.01403351394232219	86	0.7667820175004721
576	0.2518006780758474	0.0083008466431088	98	0.7481993219241526
577	0.2354914251283758	0.011814608155123753	70	0.7645085748716243
578	0.23758086998749967	0.005460162906668438	92	0.7624191300125003
579	0.23625349604755524	0.00821122855031842	91	0.7637465039524447
580	0.23701214960835273	0.009657108049583519	94	0.7629878503916473
581	0.2506621581517487	0.0054807182066090665	97	0.7493378418482513
582	0.2389068050397043	0.008427417950542606	89	0.7610931949602957
583	0.23132404651204616	0.005285157210225163	96	0.7686759534879538
584	0.27758860400910096	0.005053015902383337	95	0.7224113959908991
585	0.24023597758932347	0.006695727175597764	94	0.7597640224106765
586	0.24857972787035623	0.010955241293724534	49	0.7514202721296438
587	0.24099229295754382	0.0067487800353180204	62	0.7590077070424561
588	0.24194123942192686	0.004939651576255349	91	0.7580587605780731
589	0.24497441477737708	0.004845330094987575	51	0.7550255852226229
590	0.2445959873018157	0.009991437655019678	53	0.7554040126981842
591	0.2324620268532424	0.009508219803952282	99	0.7675379731467575
592	0.2427004325656268	0.005889407946839019	94	0.7572995674343732
593	0.23814797161793932	0.008318166061669602	77	0.7618520283820607
594	0.23701268919125518	0.008114831183112427	97	0.7629873108087448
595	0.23663012491344193	0.009639859689252767	96	0.7633698750865581
596	0.2459222820759553	0.010742089462848657	98	0.7540777179240448
597	0.25312823187675926	0.011724814872916335	49	0.7468717681232407
598	0.23682383517540942	0.008965940348247001	93	0.7631761648245906
599	0.24175256526704855	0.004711131717352421	64	0.7582474347329514
600	0.25066377690045594	0.008258446120813827	51	0.7493362230995441
601	0.23568495552937577	0.009762466671923266	99	0.7643150444706243
602	0.2349261221076108	0.010681403903707934	92	0.7650738778923892
603	0.23265016142521827	0.004675991518898999	95	0.7673498385747817
604	0.23985161470183547	0.011896462821286593	52	0.7601483852981645
605	0.23113123555491605	0.010159498387707019	93	0.768868764445084
606	0.27227838880545335	0.0038526407993721094	99	0.7277216111945466
607	0.2832770668273425	0.005823014352433106	99	0.7167229331726575
608	0.24137251904277993	0.009836633934118544	80	0.7586274809572201
609	0.2444062339811326	0.007535071801357351	65	0.7555937660188674
610	0.2559729129382987	0.00742207475064031	97	0.7440270870617013
611	0.23644235006340103	0.005618166799705627	96	0.763557649936599
612	0.2542651330521507	0.011181356029376394	39	0.7457348669478493
613	0.23568477566840831	0.008951292064144915	77	0.7643152243315917
614	0.23568585483421317	0.010181011556541266	99	0.7643141451657869
615	0.2571072960601455	0.008713746876273274	37	0.7428927039398545
616	0.24137233918181247	0.009111391031885517	84	0.7586276608181876
617	0.22696277777278162	0.008413874919466146	99	0.7730372222272184
618	0.2538872451594917	0.005803930602456708	98	0.7461127548405083
619	0.23796001690693092	0.011781986016695244	75	0.7620399830930691
620	0.23985251400667287	0.011851017696614183	95	0.7601474859933272
621	0.24023453870158368	0.006339129351555528	71	0.7597654612984164
622	0.23587183107457937	0.011256162949639319	97	0.7641281689254207
623	0.23170085523890033	0.008204628894666954	84	0.7682991447610996
624	0.23227029506191715	0.007545875068309571	96	0.7677297049380829
625	0.2455438546003939	0.003145783828787646	49	0.7544561453996061
626	0.23701196974738528	0.006519255285404557	76	0.7629880302526147
627	0.2830873135066594	0.008463515783705734	94	0.7169126864933406
628	0.25597507126990837	0.009393347701578385	95	0.7440249287300916
629	0.23189168772538826	0.011835788807541341	99	0.7681083122746117
630	0.2586274809572201	0.0064214490469621495	97	0.7413725190427799
631	0.23359820858476396	0.006452112312725146	67	0.766401791415236
632	0.23909601877748501	0.0072565576725545896	91	0.760903981222515
633	0.23928469293236326	0.007031669011220081	69	0.7607153070676367
634	0.23758104984846712	0.004413404436349338	58	0.7624189501515328
635	0.24345872640448935	0.006640964353395588	98	0.7565412735955106
636	0.2428887469985701	0.006118976538146301	60	0.7571112530014299
637	0.23966761693211147	0.00779791090719583	99	0.7603323830678885
638	0.24592282165885768	0.005044142981261853	49	0.7540771783411423
639	0.2347351097601554	0.009187767042225774	98	0.7652648902398446
640	0.23208000215833163	0.007169336226103906	85	0.7679199978416684
641	0.24611185553567094	0.005874905582174001	94	0.7538881444643291
642	0.2356829770587336	0.008844419388363696	98	0.7643170229412664
643	0.2464897434283299	0.01127530663289904	52	0.75351025657167
644	0.2381474320350369	0.011882346727276963	82	0.761852567964963
645	0.2508510121675945	0.007429982035277351	47	0.7491489878324056
646	0.24611059650889863	0.00867591375304515	54	0.7538894034911013
647	0.24213153232551238	0.003792128598744729	79	0.7578684676744876
648	0.24061422520391734	0.004951861144430329	64	0.7593857747960826
649	0.2514229700441558	0.013279020051660893	45	0.7485770299558442
650	0.24326825363993634	0.005006997575564956	70	0.7567317463600637
651	0.240045324963803	0.010642079930795918	69	0.759954675036197
652	0.24042591077097403	0.007347117180866397	72	0.7595740892290259
653	0.2385283775641429	0.005972105514009452	51	0.7614716224358571
654	0.24213117260357744	0.012496423623225126	95	0.7578688273964226
655	0.24383787332392065	0.006529142034934549	68	0.7561621266760794
656	0.24118132683435706	0.005435631667993451	95	0.758818673165643
657	0.24137377806955224	0.008707107324567462	72	0.7586262219304478
658	0.23701304891319014	0.009473564745537752	99	0.7629869510868099
659	0.245733607921077	0.010051510005417147	94	0.754266392078923
660	0.2370085523890033	0.009460785600048496	86	0.7629914476109967
661	0.24648992328929736	0.014097122452768262	42	0.7535100767107026
662	0.23852801784220795	0.010551173864524852	66	0.761471982157792
663	0.267351097601554	0.006451101520226911	98	0.7326489023984459
664	0.2296155471820283	0.005448356478009502	95	0.7703844528179717
665	0.25900806676439114	0.010551310215084774	93	0.7409919332356089
666	0.24251103896687862	0.008092155607825237	82	0.7574889610331214
667	0.23814815147890683	0.008170476319834403	92	0.7618518485210932
668	0.2434551291851399	0.012096736299084726	84	0.7565448708148601
669	0.24042519132710413	0.0050586824088479495	91	0.7595748086728958
670	0.24706098186102143	0.010181989156864264	59	0.7529390181389786
671	0.24042375243936437	0.007126159353307608	97	0.7595762475606356
672	0.24307957948505807	0.013093140714397001	83	0.7569204205149419
673	0.2396661780443717	0.007890255869215927	74	0.7603338219556283
674	0.2362522370207829	0.009228778896160236	54	0.7637477629792171
675	0.2519904313965305	0.004434813036824022	98	0.7480095686034696
676	0.23606410244880704	0.007873553504551392	70	0.763935897551193
677	0.23303092709335682	0.006878696287686616	88	0.7669690729066432
678	0.24194267830966662	0.0040597399063510365	60	0.7580573216903334
679	0.2434572875167495	0.0053555626621051835	99	0.7565427124832504
680	0.2400447853809006	0.009858368635225101	51	0.7599552146190994
681	0.23359712941895916	0.006470721821011069	90	0.7664028705810408
682	0.23776684622786587	0.009837405760628817	98	0.7622331537721341
683	0.25161110461613173	0.006749974736364958	47	0.7483888953838682
684	0.24687212784517568	0.00993275931664251	55	0.7531278721548244
685	0.24952579655925972	0.011233350058248862	67	0.7504742034407403
686	0.2400458645467054	0.008084344508068117	55	0.7599541354532946
687	0.24857756953874652	0.007115488879285774	52	0.7514224304612535
688	0.25312985062546656	0.01344297425502123	49	0.7468701493745334
689	0.23644073131469373	0.008725158160857449	97	0.7635592686853063
690	0.24288910672050507	0.009862465654192083	99	0.757110893279495
691	0.24023705675512827	0.008334338457367278	82	0.7597629432448717
692	0.2438380531848881	0.002989403860098634	98	0.756161946815112
693	0.24270115200949666	0.005412519058539656	61	0.7572988479905034
694	0.23795929746306105	0.008356648033346669	98	0.7620407025369389
695	0.23909619863845247	0.007481501360462459	71	0.7609038013615476
696	0.24800830957669723	0.005734468681731249	39	0.7519916904233028
697	0.24478628020540122	0.008731044096620748	57	0.7552137197945987
698	0.2328375765533243	0.00963314644786349	96	0.7671624234466757
699	0.2409930124014137	0.010933979168361833	65	0.7590069875985863
700	0.23132224790237146	0.011631320067492923	99	0.7686777520976286
701	0.2387161524141838	0.008081564228175048	98	0.7612838475858161
702	0.23738985764004425	0.0044515401812185214	79	0.7626101423599557
703	0.25180193710261967	0.0053784698898125495	97	0.7481980628973803
704	0.24099355198431613	0.008400800493564144	81	0.7590064480156838
705	0.2402325602309415	0.013070334509049248	99	0.7597674397690585
706	0.24478771909314098	0.007539744545546916	87	0.755212280906859
707	0.24326861336187128	0.005631203479428186	94	0.7567313866381287
708	0.2646954504168278	0.006300263400323087	96	0.7353045495831723
709	0.2328388355800966	0.009105180871303785	88	0.7671611644199035
710	0.24175202568414617	0.009422075827497588	97	0.7582479743158539
711	0.2307526282183872	0.009308618280777496	99	0.7692473717816128
712	0.24365027833484715	0.01137580833603965	65	0.7563497216651529
713	0.23891094184195616	0.01927100483856993	75	0.7610890581580438
714	0.24307868018022066	0.00810538875848124	65	0.7569213198197793
715	0.23663354227182384	0.004402427386823046	99	0.7633664577281761
716	0.26564169896669876	0.004438419061530523	99	0.7343583010333012
717	0.23985557164311982	0.006581951304523566	57	0.7601444283568801
718	0.2472510949036395	0.005085866289862875	82	0.7527489050963605
719	0.2455440344613614	0.010222548833247603	52	0.7544559655386386
720	0.25331870464131223	0.005878107666604122	99	0.7466812953586878
721	0.23834096243603695	0.008048719171148301	77	0.761659037563963
722	0.22790848673975014	0.011072486310395218	90	0.7720915132602498
723	0.2510402259053751	0.01127782163385836	53	0.7489597740946249
724	0.233788681349317	0.006989878536588707	97	0.766211318650683
725	0.23966599818340423	0.004870010148099768	72	0.7603340018165958
726	0.2406129661771451	0.009584270489824779	59	0.7593870338228549
727	0.23739039722294666	0.010046055404143796	95	0.7626096027770534
728	0.2328408140507388	0.008711861721529034	99	0.7671591859492612
729	0.25388526668884953	0.008811090242021853	43	0.7461147333111504
730	0.24838727663516105	0.004854202017969484	65	0.751612723364839
731	0.31569988398967597	0.010729875492070974	26	0.684300116010324
732	0.2459222820759553	0.005054428202719952	66	0.7540777179240448
733	0.2538874250204592	0.005294152946821436	97	0.7461125749795408
734	0.2425063625817243	0.012291311001878273	60	0.7574936374182757
735	0.2339784346700001	0.00959065713817093	67	0.7660215653299999
736	0.2349257623856759	0.0056237111643582536	97	0.7650742376143241
737	0.23378526399093502	0.010466017006113215	96	0.766214736009065
738	0.2413730586256823	0.00774619600193357	86	0.7586269413743176
739	0.31816415910501183	0.009718639877596014	14	0.6818358408949882
740	0.24345872640448935	0.00426930649760704	59	0.7565412735955106
741	0.24914808852756817	0.006736413625143966	29	0.7508519114724318
742	0.2745534501830086	0.00553087262567706	96	0.7254465498169914
743	0.2455443941832963	0.0074940529770652	99	0.7544556058167037
744	0.2620414219808088	0.006871899155079696	99	0.7379585780191912
745	0.24819770317544537	0.009287452575749129	99	0.7518022968245546
746	0.25028301123231744	0.009686452945736605	50	0.7497169887676826
747	0.24725325323524916	0.013776815568107222	72	0.7527467467647508
748	0.24819500526093333	0.014569616855219672	59	0.7518049947390667
749	0.23663210338408408	0.012168381616858452	99	0.7633678966159159
750	0.24402636761783142	0.0073257764626831826	78	0.7559736323821686
751	0.24554151640781674	0.0083401324340834	41	0.7544584835921833
752	0.2753131829096109	0.008791671574438626	99	0.7246868170903891
753	0.23302822917884475	0.0106604650183112	98	0.7669717708211552
754	0.23340575734956878	0.012564637300567246	97	0.7665942426504312
755	0.24857667023390917	0.01133772089320477	97	0.7514233297660908
756	0.2421326114913172	0.007354895662395001	67	0.7578673885086828
757	0.24194034011708948	0.005005889128358969	71	0.7580596598829106
758	0.242698993677887	0.008924045606422876	57	0.7573010063221131
759	0.24345782709965197	0.004962007108825992	74	0.7565421729003481
760	0.23777026358624784	0.009840858766654513	95	0.7622297364137521
761	0.24232092592426055	0.008103478264567001	96	0.7576790740757394
762	0.2392873908468754	0.013147829114412465	98	0.7607126091531247
763	0.24251067924494368	0.003778003644525053	98	0.7574893207550564
764	0.3083036412852865	0.008713455215748235	38	0.6916963587147136
765	0.29086036493790307	0.010480269756357978	99	0.7091396350620969
766	0.24364937903000977	0.006959654966351386	67	0.7563506209699902
767	0.24269953326078939	0.008441936971760327	59	0.7573004667392106
768	0.23720244251193826	0.007264209737631078	96	0.7627975574880618
769	0.23606356286590463	0.010803805460349798	92	0.7639364371340953
770	0.23511443654055414	0.007848898566934687	98	0.7648855634594458
771	0.24705990269521658	0.007931168082231415	56	0.7529400973047834
772	0.23928523251526573	0.007124362077573629	98	0.7607147674847343
773	0.23909907641393202	0.009714667018723635	99	0.760900923586068
774	0.2563513404138601	0.005387502230894016	99	0.7436486595861399
775	0.2347324118456433	0.012543314590524792	98	0.7652675881543567
776	0.23985701053085967	0.012596276066123957	84	0.7601429894691403
777	0.2434594458483592	0.004747568804691157	54	0.7565405541516408
778	0.27796721134562985	0.006651253188097909	99	0.7220327886543702
779	0.23814671259116701	0.009287486822416082	96	0.761853287408833
780	0.2339775353651627	0.012179607777983275	98	0.7660224646348373
781	0.29010243082097537	0.007219581469703102	98	0.7098975691790246
782	0.23985395289441264	0.00585826376160221	64	0.7601460471055874
783	0.23625457521336007	0.007977309074963334	95	0.76374542478664
784	0.27777763788591414	0.008322980042949013	99	0.7222223621140859
785	0.2362529564646528	0.007315335163245566	99	0.7637470435353472
786	0.23814923064471163	0.008710851460509513	77	0.7618507693552884
787	0.24061170715037278	0.013565628151102314	46	0.7593882928496272
788	0.2377697240033454	0.008785320148459856	69	0.7622302759966546
789	0.23568603469518062	0.00805791973471333	97	0.7643139653048194
790	0.25597309279926617	0.0036731670562233924	98	0.7440269072007338
791	0.2593873935447899	0.006376907024829894	96	0.7406126064552101
792	0.2358732699623191	0.008526807726229525	88	0.7641267300376808
793	0.24156245222443049	0.00825182153482854	98	0.7584375477755695
794	0.2377686448375406	0.00994855423496466	97	0.7622313551624594
795	0.2722783888054534	0.005270726317621425	97	0.7277216111945466
796	0.28782629027761536	0.01019699509596879	97	0.7121737097223846
797	0.24592372096369508	0.010572366409123138	98	0.7540762790363049
798	0.32233531480165833	0.012282334210429662	48	0.6776646851983417
799	0.23985557164311982	0.007306486846023573	65	0.7601444283568801
800	0.2383380846605574	0.009598511598757832	64	0.7616619153394426
801	0.23549484248675773	0.009082290701021255	99	0.7645051575132422
802	0.2468706889574359	0.006100464107443489	85	0.7531293110425641
803	0.2762601509033517	0.009467890655624981	99	0.7237398490966482
804	0.2529388382780111	0.004690691741800483	99	0.7470611617219889
805	0.2512324972796029	0.002614827999186632	51	0.748767502720397
806	0.23871885032869594	0.004727857440958173	96	0.7612811496713041
807	0.23776882469850805	0.008276851264253085	97	0.762231175301492
808	0.23928613182010303	0.0113642371940347	97	0.760713868179897
809	0.23758104984846712	0.00893611442713019	92	0.7624189501515328
810	0.231512540805957	0.009065680024696815	97	0.7684874591940429
811	0.24744102808529006	0.005560386319170287	52	0.7525589719147099
812	0.2457343273649469	0.0063477599810449125	49	0.7542656726350531
813	0.24497477449931204	0.009436890516375909	68	0.755025225500688
814	0.23890536615196453	0.011806319493097092	75	0.7610946338480354
815	0.24250924035720392	0.004518688218887308	96	0.7574907596427961
816	0.2455449337661987	0.013378340320553182	99	0.7544550662338013
817	0.2347343903162855	0.010138595471025788	84	0.7652656096837145
818	0.2370112503035154	0.006843547571545065	89	0.7629887496964847
819	0.24914682950079586	0.006156755578840951	99	0.7508531704992041
820	0.24573378778204447	0.008206035046117383	59	0.7542662122179555
821	0.24213045315970755	0.0027192306644203057	99	0.7578695468402925
822	0.24099247281851127	0.005686044804474833	97	0.7590075271814887
823	0.2525593316366449	0.012019973291891417	76	0.7474406683633551
824	0.23796091621176832	0.009411836013432727	97	0.7620390837882317
825	0.260332562928856	0.003974161636796434	59	0.739667437071144
826	0.23625133771594556	0.006936714457936485	94	0.7637486622840545
827	0.240044965241868	0.008102208450892098	97	0.759955034758132
828	0.23663138394021424	0.01043686915356758	75	0.7633686160597858
829	0.23852801784220795	0.004143604319021323	80	0.761471982157792
830	0.23208090146316898	0.005690532577342162	52	0.767919098536831
831	0.32119535598981985	0.012054023404544234	12	0.6788046440101801
832	0.238908963371314	0.005949486245582049	91	0.761091036628686
833	0.2455442143223288	0.0065949812125028736	97	0.7544557856776712
834	0.2736064821892677	0.001556321933603259	97	0.7263935178107324
835	0.23037527990863066	0.006985762318705369	97	0.7696247200913693
836	0.2612829482809788	0.007778080715300224	96	0.7387170517190211
837	0.2364448681169456	0.00907657336305799	62	0.7635551318830545
838	0.23985755011376209	0.008247249682006798	99	0.7601424498862379
839	0.2523690387330593	0.007604115653918805	55	0.7476309612669407
840	0.23321888180436523	0.008689470892904502	82	0.7667811181956348
841	0.23776972400334545	0.007624608770146789	55	0.7622302759966546
842	0.25711053355756	0.0049664299445464095	98	0.74288946644244
843	0.2360639225878396	0.00702342665923887	85	0.7639360774121604
844	0.24213207190841474	0.007311715022538698	84	0.7578679280915852
845	0.2404215941077547	0.018619542517971648	98	0.7595784058922452
846	0.23644414867307573	0.009096101906232062	97	0.7635558513269243
847	0.2423203863413581	0.010243967215281658	77	0.7576796136586419
848	0.2451647076809626	0.00974477008957854	75	0.7548352923190373
849	0.24952651600312956	0.007394145492880316	49	0.7504734839968704
850	0.2506632373175536	0.006835907813085624	44	0.7493367626824464
851	0.24478394201282408	0.008414630649522999	99	0.755216057987176
852	0.24023453870158368	0.006616522545764398	92	0.7597654612984164
853	0.23113123555491605	0.010760750034724181	75	0.768868764445084
854	0.23682113726089732	0.003934676607798266	85	0.7631788627391027
855	0.23909565905555005	0.010488041816245458	76	0.7609043409444499
856	0.24611239511857336	0.008387403746439285	93	0.7538876048814267
857	0.24781873611698155	0.006609318106989691	50	0.7521812638830184
858	0.26659082529204925	0.006897325209149058	99	0.7334091747079508
859	0.25161146433806664	0.006763135954211696	47	0.7483885356619333
860	0.23776882469850805	0.009318513622414894	58	0.762231175301492
861	0.2466820148025576	0.0014215014324504749	35	0.7533179851974424
862	0.23511731431603372	0.005818956619354177	97	0.7648826856839663
863	0.23473457017725297	0.012097649796033613	73	0.765265429822747
864	0.23814599314729717	0.012215258134211418	84	0.7618540068527029
865	0.24099247281851127	0.005993739665797217	73	0.7590075271814887
866	0.24630088941248413	0.007221181946783149	58	0.7536991105875159
867	0.24345782709965197	0.008031986168173999	66	0.7565421729003481
868	0.23170067537793287	0.006624214099610015	76	0.7682993246220671
869	0.23530508916607462	0.007147214915288373	98	0.7646949108339254
870	0.2726591544735919	0.006311676765184707	98	0.7273408455264081
871	0.2373907569448816	0.00820420809841603	97	0.7626092430551183
872	0.23682041781702745	0.007123252467278781	96	0.7631795821829725
873	0.30508215149689294	0.010880670227268414	33	0.6949178485031071
874	0.2891542038004623	0.009007130648920357	98	0.7108457961995377
875	0.25237101720370153	0.006191267167038081	40	0.7476289827962985
876	0.24213153232551238	0.01224201223651891	69	0.7578684676744876
877	0.2408039785246005	0.004566447679171101	97	0.7591960214753994
878	0.23322014083113754	0.004053994325634968	98	0.7667798591688625
879	0.24042357257839692	0.010068390610611478	57	0.759576427421603
880	0.2495274153079669	0.007569465430268429	52	0.750472584692033
881	0.24895851506785255	0.006128880466412303	96	0.7510414849321474
882	0.23208162090703882	0.008708136282488933	98	0.7679183790929611
883	0.23568531525131076	0.014655870276212327	89	0.7643146847486892
884	0.2438385927677905	0.007405941061441487	62	0.7561614072322095
885	0.2375790713778249	0.005707594211184015	98	0.762420928622175
886	0.23549466262579027	0.005882702519905362	80	0.7645053373742097
887	0.2349257623856759	0.006372648697148385	61	0.7650742376143241
888	0.2373893180571418	0.0051034209467109674	97	0.7626106819428582
889	0.251993668893945	0.008921658195019574	89	0.748006331106055
890	0.25445506623380126	0.004466980204922904	98	0.7455449337661988
891	0.2472491164329973	0.01173701451469959	45	0.7527508835670027
892	0.24402744678363625	0.009263352194377874	75	0.7559725532163637
893	0.25256023094148217	0.0013787637320609623	82	0.7474397690585178
894	0.2453546408626132	0.006127455861077002	98	0.7546453591373868
895	0.23890626545680188	0.010839662374091537	75	0.7610937345431981
896	0.24364776028130258	0.004664414127632026	95	0.7563522397186975
897	0.24516578684676746	0.009808898256340506	99	0.7548342131532325
898	0.23985755011376209	0.008181624803087977	73	0.7601424498862379
899	0.2533169060316375	0.0064468426027053235	58	0.7466830939683625
900	0.23871831074579347	0.005344179165489186	99	0.7612816892542065
901	0.24288910672050507	0.012726224998463664	98	0.757110893279495
902	0.2415619126415281	0.005896722482871352	97	0.758438087358472
903	0.24345926598739176	0.0031416941611492714	94	0.7565407340126082
904	0.23663120407924673	0.007674239808202314	98	0.7633687959207532
905	0.24421666052141694	0.00437397295147201	79	0.7557833394785831
906	0.23227083464481954	0.010941300865356803	78	0.7677291653551804
907	0.28991357680512964	0.010132340466684736	79	0.7100864231948704
908	0.2305641339244764	0.010828050391281645	94	0.7694358660755236
909	0.24592318138079264	0.0075421002874758005	79	0.7540768186192074
910	0.2646950906948929	0.008518333528376637	99	0.7353049093051072
911	0.24421414246787237	0.011915099934749334	52	0.7557858575321277
912	0.2847927552002302	0.009338752993241148	98	0.7152072447997698
913	0.2353038301393023	0.009297869290316552	96	0.7646961698606977
914	0.23644432853404318	0.0076414075864143245	68	0.7635556714659568
915	0.24080595699524268	0.010362421375652896	59	0.7591940430047573
916	0.23321906166533274	0.0090386910055527	98	0.7667809383346673
917	0.28100164572785236	0.00663154303412347	99	0.7189983542721476
918	0.23928523251526573	0.006407280930524174	99	0.7607147674847343
919	0.24118420460983656	0.00936434836062891	99	0.7588157953901634
920	0.2390967382213549	0.010304044063461706	99	0.7609032617786451
921	0.24080289935879567	0.008720593045446695	52	0.7591971006412044
922	0.25388544654981704	0.006868257814632764	41	0.746114553450183
923	0.25521084201911926	0.010821779391154978	48	0.7447891579808807
924	0.2470631401926311	0.007107578356786208	99	0.7529368598073689
925	0.2392854123762332	0.006156150769356031	97	0.7607145876237669
926	0.29730766117790947	0.01532798041287289	93	0.7026923388220905
927	0.236254934935295	0.0056420974914298165	97	0.763745065064705
928	0.23264872253747854	0.010014948703380232	97	0.7673512774625215
929	0.24516182990548305	0.013912633658571765	49	0.7548381700945169
930	0.2423194870365208	0.009456541177029404	97	0.7576805129634792
931	0.24137377806955224	0.008727720144907367	51	0.7586262219304478
932	0.2343577614503988	0.007725825352455184	94	0.7656422385496012
933	0.23416692896391086	0.010139948556114104	92	0.7658330710360891
934	0.2449767529699542	0.006527042111599383	52	0.7550232470300458
935	0.23378670287867478	0.008097729480868914	75	0.7662132971213252
936	0.23890536615196453	0.007089619195292662	80	0.7610946338480354
937	0.24156119319765817	0.00868366773525721	80	0.7584388068023418
938	0.23701161002545032	0.0034325928411003703	82	0.7629883899745497
939	0.22961500759912584	0.007414347776671886	99	0.7703849924008741
940	0.2366308443573118	0.012751331260550095	88	0.7633691556426883
941	0.2612824086980764	0.009431694533380377	97	0.7387175913019236
942	0.23947678444562354	0.005834400414368789	81	0.7605232155543764
943	0.23814797161793932	0.009393565768261126	99	0.7618520283820607
944	0.2455449337661987	0.00411086048629064	54	0.7544550662338013
945	0.23814887092277667	0.003915928985422447	99	0.7618511290772233
946	0.2491466496398284	0.006600474589066387	43	0.7508533503601715
947	0.23833790479958988	0.007296336130324739	94	0.7616620952004101
948	0.23814995008858153	0.006837743948809071	70	0.7618500499114185
949	0.2861197694182397	0.008730247849783655	97	0.7138802305817603
950	0.24042429202226678	0.005781322912525499	58	0.7595757079777332
951	0.24478520103959642	0.010060783701089718	39	0.7552147989604036
952	0.2976857289315359	0.010812018372320237	95	0.7023142710684641
953	0.24421666052141694	0.008181033424708037	63	0.7557833394785831
954	0.24061206687230774	0.012056844579748713	77	0.7593879331276923
955	0.23113195499878597	0.011374914225552204	99	0.768868045001214
956	0.24156155291959314	0.0052359346722386044	82	0.7584384470804069
957	0.24535428114067828	0.00247063624273036	97	0.7546457188593217
958	0.24099265267947878	0.013777620268161251	57	0.7590073473205212
959	0.25578100128600595	0.009601770203606445	58	0.744218998713994
960	0.2377704434472153	0.009203782146237183	97	0.7622295565527847
961	0.2660230042177397	0.0084799903474379	99	0.7339769957822603
962	0.2317024739876076	0.01117195002119694	96	0.7682975260123924
963	0.31759579844779984	0.007607552659853362	17	0.6824042015522002
964	0.2516111046161317	0.003966552500580631	53	0.7483888953838683
965	0.26203728517855696	0.013585670584107966	32	0.737962714821443
966	0.2508524510553342	0.004384421247395571	61	0.7491475489446657
967	0.24383769346295314	0.005273244516755381	58	0.7561623065370469
968	0.23720298209484064	0.007714186018674777	96	0.7627970179051593
969	0.2489579754849501	0.012427408294476434	71	0.7510420245150499
970	0.23757997068266232	0.008765150346129425	99	0.7624200293173377
971	0.2370112503035154	0.007495201697581274	96	0.7629887496964847
972	0.2440285259494411	0.008334297545962339	99	0.7559714740505589
973	0.2383380846605574	0.006494418418749583	95	0.7616619153394426
974	0.23644342922920583	0.0076828605453232585	98	0.7635565707707942
975	0.2800532388463718	0.0061953131106411135	99	0.7199467611536282
976	0.24668111549772026	0.010303513442273229	52	0.7533188845022798
977	0.23625259674271787	0.007895121974840656	81	0.7637474032572822
978	0.2408039785246005	0.0035477714388104185	99	0.7591960214753994
979	0.23625439535239262	0.007696463912984987	75	0.7637456046476074
980	0.24307957948505807	0.0055921156028489625	70	0.7569204205149419
981	0.23663246310601904	0.0036701235042018924	71	0.763367536893981
982	0.2322711943667545	0.009063121506645086	96	0.7677288056332455
983	0.3120956500625017	0.007266866735509141	28	0.6879043499374984
984	0.3187318003183539	0.008574594969647265	9	0.6812681996816461
985	0.24213099274261	0.010878376091803848	75	0.75786900725739
986	0.3079246742268227	0.009567005142858789	29	0.6920753257731773
987	0.2377686448375406	0.012835125562155327	88	0.7622313551624594
988	0.23720046404129608	0.009154904240534742	94	0.7627995359587039
989	0.2789161578100129	0.008551977064482047	98	0.7210838421899871
990	0.23397735550419524	0.011224048379539572	92	0.7660226444958047
991	0.23966581832243677	0.007360685275600382	98	0.7603341816775633
992	0.24137197945987748	0.005244419559698032	61	0.7586280205401226
993	0.23587434912812397	0.005418854929333796	71	0.764125650871876
994	0.24933748212631635	0.004963689319480736	99	0.7506625178736837
995	0.2423185877316834	0.011464357254838173	58	0.7576814122683166
996	0.2523702977598316	0.0030348529184330746	99	0.7476297022401683
997	0.23246112754840506	0.009138446056508499	90	0.7675388724515949
998	0.2383391638263622	0.007787901051395058	94	0.7616608361736378
999	0.23644324936823832	0.0056873209786126415	89	0.7635567506317616
1000	0.22715199151056234	0.006098390332827782	97	0.7728480084894377
1001	0.24118204627822695	0.00824407577164061	79	0.7588179537217731
1002	0.24648920384542747	0.013711049144259435	51	0.7535107961545725
1003	0.24042501146613668	0.008991501824805402	70	0.7595749885338633
1004	0.23890860364937905	0.013458315581753873	69	0.761091396350621
1005	0.23644109103662872	0.008937384672242735	91	0.7635589089633713
1006	0.2385278379812405	0.009141765676879717	77	0.7614721620187594
1007	0.24156155291959314	0.0071003798302785946	59	0.7584384470804069
1008	0.2519889925087907	0.006137336744838714	34	0.7480110074912093
1009	0.23739057708391414	0.007909041078248854	59	0.7626094229160858
1010	0.24383715388005073	0.00514481806557695	99	0.7561628461199492
1011	0.24364560194969287	0.00937945335266537	44	0.7563543980503071
1012	0.2762615897910915	0.011924139341502635	98	0.7237384102089085
1013	0.23511569556732645	0.011484806190634612	81	0.7648843044326735
1014	0.257488421450219	0.005493245273593485	98	0.742511578549781
1015	0.2464929809257444	0.002682782122424764	99	0.7535070190742557
1016	0.23871723157998867	0.01053912655846534	63	0.7612827684200113
1017	0.2379583981582237	0.007610774951669404	89	0.7620416018417763
1018	0.23795947732402856	0.009787386705733939	99	0.7620405226759714
1019	0.24307670170957846	0.009312569728360484	54	0.7569232982904215
1020	0.243457467377717	0.010121189598662352	72	0.756542532622283
1021	0.24061188701134023	0.012550255923817956	90	0.7593881129886597
1022	0.28441414786370134	0.011295657971969669	53	0.7155858521362987
1023	0.2360621239781649	0.010400163167674049	81	0.7639378760218352
1024	0.23473600906499276	0.007630590757579542	95	0.7652639909350072
1025	0.25199007167459553	0.007174695871225188	47	0.7480099283254045
1026	0.23909871669199712	0.006784905925135355	95	0.7609012833080029
1027	0.23814977022761408	0.006396667996720824	92	0.7618502297723859
1028	0.24250924035720386	0.007139042327496356	52	0.7574907596427961
1029	0.2394751656969163	0.010394272255201693	96	0.7605248343030837
1030	0.24250995980107376	0.006933075971548044	64	0.7574900401989262
1031	0.27512522819860247	0.008594117304855455	99	0.7248747718013975
1032	0.24118636294144627	0.009761994596240985	79	0.7588136370585538
1033	0.23511587542829396	0.010089486487240408	98	0.7648841245717061
1034	0.24952543683732475	0.010966377596972249	61	0.7504745631626752
1035	0.26526399093500724	0.0074639298325787735	96	0.7347360090649928
1036	0.23587416926715649	0.006688198215251922	99	0.7641258307328436
1037	0.23814977022761408	0.004440032032477193	98	0.7618502297723859
1038	0.23738967777907677	0.011213958214513643	57	0.7626103222209233
1039	0.2557835193395505	0.004485901770838659	99	0.7442164806604494
1040	0.23473654864789517	0.009990292235037649	90	0.7652634513521048
1041	0.2427004325656268	0.007029917892977061	43	0.7572995674343732
1042	0.24421791954818922	0.006483643562948258	94	0.7557820804518107
1043	0.284603721323417	0.006494806641521113	99	0.7153962786765831
1044	0.2827069075604558	0.010508246604923882	98	0.7172930924395442
1045	0.2317017545437377	0.00681927353139321	98	0.7682982454562624
1046	0.24383751360198563	0.005196254385216987	69	0.7561624863980143
1047	0.24175076665737386	0.005667424895849254	49	0.7582492333426262
1048	0.24611167567470343	0.008452633676617605	52	0.7538883243252965
1049	0.2864996357815409	0.00781838106855882	99	0.7135003642184591
1050	0.24800902902056707	0.005702221909229345	97	0.7519909709794329
1051	0.23606266356106728	0.005831902038954411	89	0.7639373364389327
1052	0.25218000485624614	0.007023852186323703	32	0.7478199951437539
1053	0.24023435884061622	0.006332515650406005	99	0.7597656411593838
1054	0.26450497765227476	0.006477868809097597	98	0.7354950223477252
1055	0.23776954414237794	0.009336015668770965	65	0.7622304558576221
1056	0.23226957561804723	0.012072980838893488	93	0.7677304243819527
1057	0.24876624369362482	0.00728892302908356	99	0.7512337563063751
1058	0.24914682950079586	0.007617806335788608	99	0.7508531704992041
1059	0.23283811613622668	0.008150207265860576	97	0.7671618838637733
1060	0.31949063374011893	0.011987393481948617	21	0.6805093662598811
1061	0.31569790551903376	0.013669982324743242	21	0.6843020944809662
1062	0.25123213755766793	0.006953131049657389	32	0.7487678624423321
1063	0.23890662517873684	0.009784533966524052	97	0.7610933748212632
1064	0.2358732699623191	0.00761392345524821	92	0.7641267300376808
1065	0.23947714416755844	0.0050585949892705375	82	0.7605228558324415
1066	0.24156407097313778	0.006828052316469314	62	0.7584359290268622
1067	0.24288892685953756	0.007327907853565103	67	0.7571110731404624
1068	0.2555937660188674	0.0063722181042993155	99	0.7444062339811326
1069	0.24914700936176337	0.005352745673720016	47	0.7508529906382366
1070	0.24118258586112934	0.008038741952511428	58	0.7588174141388706
1071	0.24231678912200866	0.011756971408120646	68	0.7576832108779914
1072	0.23928649154203802	0.0028636951058450795	96	0.7607135084579619
1073	0.2356854951122782	0.0061113425787822735	84	0.7643145048877218
1074	0.29161757961096074	0.009285573246069753	99	0.7083824203890392
1075	0.2870685360216553	0.007468415221358518	99	0.7129314639783447
1076	0.24023345953577882	0.009858646440790307	66	0.7597665404642212
1077	0.23682311573153952	0.006133557742612546	93	0.7631768842684605
1078	0.23814869106180922	0.006356726771454882	56	0.7618513089381908
1079	0.23530275097349745	0.009891796241086694	99	0.7646972490265025
1080	0.2351147962624891	0.0031647135786505103	92	0.7648852037375109
1081	0.23928829015171274	0.006237110156471599	99	0.7607117098482873
1082	0.27569268955097714	0.010249662516246075	96	0.7243073104490229
1083	0.252368139428222	0.00853530656815236	36	0.747631860571778
1084	0.2383386242434598	0.006231615600270499	86	0.7616613757565402
1085	0.24383823304585556	0.008564756923420219	92	0.7561617669541445
1086	0.24269953326078939	0.007754062798321995	88	0.7573004667392106
1087	0.25066287759561856	0.00838289790331591	55	0.7493371224043814
1088	0.2481984226193153	0.011546569402962408	55	0.7518015773806848
1089	0.23663192352311663	0.011001494586482951	77	0.7633680764768833
1090	0.2322711943667545	0.00886263853383161	86	0.7677288056332455
1091	0.24743994891948526	0.004345025859604603	55	0.7525600510805147
1092	0.23966563846146927	0.0043858548701967695	63	0.7603343615385307
1093	0.26734893926994435	0.005033413464761358	99	0.7326510607300556
1094	0.2481991420631852	0.009795210190130242	41	0.7518008579368148
1095	0.2449729758896373	0.007688993241649155	57	0.7550270241103627
1096	0.23966581832243677	0.008059845948590293	76	0.7603341816775633
1097	0.2381474320350369	0.008432726446502503	84	0.761852567964963
1098	0.25654235276131554	0.005007583472039235	99	0.7434576472386845
1099	0.2440265474787989	0.005609801249449917	96	0.7559734525212011
1100	0.241181686556292	0.006530283122517239	55	0.758818313443708
1101	0.25635152027482755	0.00464418663835957	96	0.7436484797251725
1102	0.25843988596814665	0.010383057755048814	35	0.7415601140318533
1103	0.28270708742142325	0.009141602930610929	78	0.7172929125785767
1104	0.2690554601293201	0.006257275159027129	98	0.73094453987068
1105	0.2705724075289801	0.011394166276920472	99	0.7294275924710198
1106	0.23814923064471163	0.010489047857846299	78	0.7618507693552884
1107	0.23909817710909467	0.008817643381256816	78	0.7609018228909054
1108	0.23701089058158048	0.01432326755093429	99	0.7629891094184196
1109	0.24213225176938225	0.009923428139992847	53	0.7578677482306178
1110	0.23758104984846712	0.004914274237412927	96	0.7624189501515328
1111	0.25786774823061775	0.003954379005707144	97	0.7421322517693822
1112	0.23985539178215243	0.005132889293857909	52	0.7601446082178476
1113	0.24137179959891006	0.005569052780345477	51	0.7586282004010899
1114	0.23852819770317546	0.005461824657858536	73	0.7614718022968245
1115	0.24630160885635405	0.010013813273698467	62	0.7536983911436459
1116	0.2633666375891436	0.005334516698064319	99	0.7366333624108564
1117	0.24364740055936762	0.012345044882261815	99	0.7563525994406324
1118	0.24099445128915348	0.010184235966418868	61	0.7590055487108465
1119	0.24156137305862568	0.010121378598226708	62	0.7584386269413743
1120	0.24819914206318514	0.007699953513346878	99	0.7518008579368148
1121	0.2593846956302778	0.003239540989343465	36	0.7406153043697222
1122	0.23758051026556473	0.007155743705962398	92	0.7624194897344353
1123	0.2366315638011817	0.007731368205232675	85	0.7633684361988183
1124	0.24023579772835596	0.008677031779488822	68	0.759764202271644
1125	0.24061422520391734	0.007798615671294601	51	0.7593857747960826
1126	0.2662123978164878	0.007380348726063813	96	0.7337876021835121
1127	0.23530472944413966	0.00792312244543036	85	0.7646952705558603
1128	0.23852945672994777	0.010007832117295102	99	0.7614705432700523
1129	0.24326897308380624	0.00949233735501041	72	0.7567310269161938
1130	0.23928649154203802	0.00451881649471967	60	0.7607135084579619
1131	0.23492630196857828	0.008191368412678342	99	0.7650736980314217
1132	0.24004550482477044	0.00618297376308225	74	0.7599544951752295
1133	0.23985593136505484	0.009422068850780393	91	0.7601440686349452
1134	0.2445945484140759	0.007065170090199896	97	0.7554054515859241
1135	0.23663120407924673	0.00758000216152045	99	0.7633687959207532
1136	0.2406095488187631	0.015137967651633602	60	0.7593904511812369
1137	0.24080271949782817	0.008249856017308686	99	0.7591972805021718
1138	0.3202496470228513	0.006893699936377102	20	0.6797503529771487
1139	0.25824869375972376	0.00567360531203349	99	0.7417513062402763
1140	0.28858440425551046	0.01129231811355102	98	0.7114155957444895
1141	0.2417525652670486	0.008082108512790013	78	0.7582474347329514
1142	0.24762718418662377	0.009128590264521626	45	0.7523728158133762
1143	0.2406140453429499	0.00440498338154834	83	0.75938595465705
1144	0.23719974459742615	0.007176734108332066	55	0.7628002554025739
1145	0.23985503206021744	0.006049908842308403	99	0.7601449679397826
1146	0.2364448681169456	0.006919798497901419	72	0.7635551318830545
1147	0.23454679532721207	0.009896537690660524	90	0.765453204672788
1148	0.24497531408221446	0.006245174004462366	69	0.7550246859177856
1149	0.2385271185373706	0.008145893010521143	71	0.7614728814626294
1150	0.2554045522810867	0.01027130073437103	99	0.7445954477189133
1151	0.24213153232551238	0.0017998414803989996	99	0.7578684676744876
1152	0.25691970107107204	0.00697869180575208	61	0.743080298928928
1153	0.23606230383913235	0.011534290076034508	68	0.7639376961608677
1154	0.235493403599018	0.008743181113385113	69	0.7645065964009821
1155	0.24194303803160158	0.009138369011936707	70	0.7580569619683984
1156	0.23359784886282906	0.006439534123702079	97	0.7664021511371709
1157	0.2354944827648228	0.0031756603253849497	88	0.7645055172351772
1158	0.23890392726422474	0.01243431800197642	75	0.7610960727357753
1159	0.2466818349415901	0.008271466196616195	39	0.7533181650584099
1160	0.235683516641636	0.00791523521204008	98	0.764316483358364
1161	0.2413707204331052	0.008391637407686364	74	0.7586292795668947
1162	0.23473528962112286	0.00675881374130476	92	0.7652647103788771
1163	0.2483879960790309	0.008468036194173197	60	0.751612003920969
1164	0.2379571391314514	0.008884938575196679	97	0.7620428608685486
1165	0.23170265384857505	0.009713283026669699	99	0.768297346151425
1166	0.2417509465183413	0.007283294565085227	64	0.7582490534816587
1167	0.23833970340926464	0.007329763641845102	98	0.7616602965907353
1168	0.24042501146613668	0.008931347164152906	97	0.7595749885338633
1169	0.2758815435668228	0.0052520792094245105	99	0.7241184564331772
1170	0.24250960007913883	0.00407823627112953	54	0.7574903999208612
1171	0.23682293587057207	0.004463453628424536	95	0.763177064129428
1172	0.281569107080227	0.008638509180554095	95	0.718430892919773
1173	0.23416710882487837	0.009117812186635706	98	0.7658328911751217
1174	0.2337879619054471	0.006540134325941219	94	0.766212038094553
1175	0.2394775038894934	0.007946195995870053	92	0.7605224961105066
1176	0.23530418986123722	0.006484342311035921	68	0.7646958101387628
1177	0.2438371538800507	0.004181462515764984	92	0.7561628461199493
1178	0.23776972400334545	0.005957655413147722	76	0.7622302759966546
1179	0.24781819653407916	0.007602815846063705	99	0.7521818034659209
1180	0.24440605412016508	0.010133689917717221	94	0.7555939458798349
1181	0.23359820858476396	0.006108779067914683	93	0.766401791415236
1182	0.24592354110272757	0.006366179022440341	99	0.7540764588972724
1183	0.2368223962876696	0.011242656431377566	83	0.7631776037123303
1184	0.2555914278262903	0.0088468979610807	51	0.7444085721737097
1185	0.23947642472368855	0.004575034855849158	99	0.7605235752763114
1186	0.24516416809806021	0.008594071690171127	97	0.7548358319019398
1187	0.2353038301393023	0.007897584985214036	98	0.7646961698606977
1188	0.2466821946635251	0.007556164926984729	99	0.7533178053364749
1189	0.24175094651834134	0.006528731247303582	69	0.7582490534816586
1190	0.24383787332392065	0.012265560957331762	52	0.7561621266760794
1191	0.23511641501119634	0.005933958842717077	83	0.7648835849888036
1192	0.23947732402852595	0.0034671427676643144	70	0.760522675971474
1193	0.2506628775956186	0.0065543896603509014	98	0.7493371224043814
1194	0.25331564700486525	0.01256079051006535	55	0.7466843529951348
1195	0.2434558486290098	0.007268924415297724	99	0.7565441513709902
1196	0.24383697401908325	0.005916845151096939	50	0.7561630259809168
1197	0.2330285889007797	0.009752612210413252	84	0.7669714110992203
1198	0.23871453366547662	0.01296688810657359	80	0.7612854663345234
1199	0.23947732402852595	0.006038127580532395	99	0.760522675971474
1200	0.25065999982013903	0.01288400780905995	42	0.7493400001798609
1201	0.24213117260357744	0.009694725174222058	77	0.7578688273964226
1202	0.23246058796550267	0.007309928071313051	92	0.7675394120344974
1203	0.24649334064767933	0.004045504209997802	99	0.7535066593523206
1204	0.23625385576949015	0.005365039945614456	79	0.7637461442305098
1205	0.24023543800642103	0.011005233422833771	95	0.759764561993579
1206	0.2423203863413581	0.00817584747176063	85	0.7576796136586419
1207	0.24042519132710413	0.006264722215105748	98	0.7595748086728958
1208	0.24269953326078939	0.00453801537997703	64	0.7573004667392106
1209	0.2449763932480193	0.005719584014384651	48	0.7550236067519807
1210	0.22809913936527063	0.00730217939448902	96	0.7719008606347294
1211	0.24269791451208214	0.011903091671214838	57	0.7573020854879179
1212	0.23416656924197596	0.003372543088056761	81	0.765833430758024
1213	0.2368209573999298	0.009049100396569922	63	0.7631790426000702
1214	0.2781576841101828	0.0078081757689501844	99	0.7218423158898172
1215	0.2421282948280979	0.009476810842542125	61	0.7578717051719022
1216	0.2775880644261986	0.006866880066071125	96	0.7224119355738015
1217	0.2489568963191453	0.008482820767503205	96	0.7510431036808547
1218	0.263748122701152	0.006471815805377721	97	0.736251877298848
1219	0.24137323848664982	0.004914634122227196	65	0.7586267615133502
1220	0.23909601877748496	0.0065539562987100035	58	0.760903981222515
1221	0.27265771558585217	0.010801679181584027	99	0.7273422844141478
1222	0.23682095739992987	0.008517177517451244	94	0.7631790426000702
1223	0.2311355522181354	0.007574198670465661	94	0.7688644477818646
1224	0.23776918442044298	0.009269219765343978	99	0.762230815579557
1225	0.24118186641725944	0.004829021059895898	89	0.7588181335827405
1226	0.2897222047357393	0.01168668453310334	98	0.7102777952642607
1227	0.23776702608883332	0.009968114893042144	80	0.7622329739111666
1228	0.2500939773555042	0.0060320310827979	99	0.7499060226444958
1229	0.23037474032572822	0.008045457122498316	95	0.7696252596742718
1230	0.22696169860697682	0.011064317538731784	98	0.7730383013930232
1231	0.24213081288164248	0.004645399137172553	99	0.7578691871183575
1232	0.24459778591149037	0.0072759063068229945	76	0.7554022140885096
1233	0.249336582821479	0.01121973139514598	37	0.750663417178521
1234	0.23947606500175364	0.007764921733761718	99	0.7605239349982463
1235	0.23909296114103795	0.014696421628620495	96	0.760907038858962
1236	0.23966653776630667	0.006420705424818191	94	0.7603334622336934
1237	0.240422853134527	0.009055530061089022	81	0.7595771468654731
1238	0.2525605906634172	0.005115293928200907	99	0.7474394093365828
1239	0.24762574529888398	0.016043131435561932	46	0.7523742547011161
1240	0.2419403401170895	0.008886285551807255	72	0.7580596598829105
1241	0.2366315638011817	0.008837560953421876	98	0.7633684361988183
1242	0.2368205976779949	0.006384117233559376	81	0.7631794023220051
1243	0.2354957417915951	0.0056468464409737875	98	0.764504258208405
1244	0.24800776999379476	0.008323801925949049	52	0.7519922300062052
1245	0.23454877379785427	0.006814596451191068	90	0.7654512262021458
1246	0.23359712941895916	0.012146120572959392	90	0.7664028705810408
1247	0.2417504069354389	0.00836964614009607	77	0.7582495930645611
1248	0.2502837306761873	0.013458882865988378	39	0.7497162693238126
1249	0.2432684335009038	0.01043509626328998	48	0.7567315664990962
1250	0.23985467233828253	0.0051704580232275685	99	0.7601453276617175
1251	0.24326807377896884	0.008510202718481486	72	0.7567319262210311
1252	0.24061512450875475	0.0027765912057391277	98	0.7593848754912452
1253	0.2495263361421621	0.011852175260010263	38	0.7504736638578379
1254	0.25066287759561856	0.005140865624637389	99	0.7493371224043814
1255	0.2368213171218648	0.004123205895028587	97	0.7631786828781352
1256	0.2337879619054471	0.007017279700460497	75	0.766212038094553
1257	0.241749687491569	0.01264664238719646	57	0.758250312508431
1258	0.2461132944234107	0.008728024820227016	96	0.7538867055765893
1259	0.2334075559592435	0.009617028795440958	99	0.7665924440407565
1260	0.23700999127674308	0.009184901614133092	99	0.762990008723257
1261	0.2383393436873297	0.008414309528481882	57	0.7616606563126703
1262	0.2332192415263002	0.003722521850892666	99	0.7667807584736999
1263	0.2481984226193153	0.003694509873356935	91	0.7518015773806848
1264	0.23966617804437168	0.007844576199459432	73	0.7603338219556284
1265	0.2548336735703301	0.006821827454801936	45	0.74516632642967
1266	0.24516740559547473	0.009230586645041134	67	0.7548325944045253
1267	0.23947732402852595	0.005541560179066613	97	0.760522675971474
1268	0.247628802935331	0.009794242907351109	61	0.752371197064669
1269	0.23777224205689002	0.010106395246060919	99	0.76222775794311
1270	0.23758176929233704	0.00626408524480849	83	0.762418230707663
1271	0.2332196012482351	0.00770101877673867	81	0.766780398751765
1272	0.23530544888800958	0.008469740760821957	96	0.7646945511119905
1273	0.24023274009190895	0.011862656849222242	59	0.759767259908091
1274	0.2679187388148961	0.007713381188956338	99	0.732081261185104
1275	0.23682149698283225	0.009297508188849987	83	0.7631785030171677
1276	0.24270025270465934	0.006351916553397042	99	0.7572997472953407
1277	0.2406140453429499	0.011118649145221437	64	0.75938595465705
1278	0.24611293470147574	0.0097123187493893	94	0.7538870652985242
1279	0.2394751656969163	0.006746006787838717	55	0.7605248343030837
1280	0.28991177819545494	0.010222590428266266	99	0.710088221804545
1281	0.23416800812971572	0.0036708202170599277	98	0.7658319918702843
1282	0.2478187361169816	0.008340174783057184	57	0.7521812638830184
1283	0.24080146047105586	0.008150179163732852	63	0.7591985395289441
1284	0.23625241688175042	0.007728871629980422	78	0.7637475831182496
1285	0.24383697401908325	0.010145543808492119	69	0.7561630259809168
1286	0.23909547919458257	0.009265081668912111	97	0.7609045208054175
1287	0.23814959036664657	0.005800270592140031	95	0.7618504096333534
1288	0.3130442368049498	0.00890863388685395	33	0.6869557631950503
1289	0.24535338183584088	0.00874501073112137	47	0.7546466181641591
1290	0.23359964747250378	0.005741232470477512	88	0.7664003525274963
1291	0.2406153043697222	0.0071863583588166954	97	0.7593846956302778
1292	0.242508161191399	0.006357645438858639	61	0.7574918388086009
1293	0.23909691808232236	0.01029064995687171	74	0.7609030819176776
1294	0.2373902173619792	0.00975142814831844	99	0.7626097826380208
1295	0.23928361376655846	0.01273576643544282	68	0.7607163862334415
1296	0.2385283775641429	0.011948287418017813	99	0.7614716224358571
1297	0.25388742502045913	0.00781607985646325	98	0.7461125749795409
1298	0.23701178988641783	0.005329088461309804	98	0.7629882101135822
1299	0.2347361889259602	0.010422202545359891	94	0.7652638110740397
1300	0.2472507351817045	0.006038861100730741	59	0.7527492648182955
1301	0.2694356862145561	0.012538649956433853	98	0.7305643137854438
1302	0.24042465174420175	0.00473854114716687	81	0.7595753482557983
1303	0.242130633020675	0.0054553023971235385	78	0.757869366979325
1304	0.2406126064552101	0.010540569842057744	57	0.7593873935447899
1305	0.24592300151982519	0.003497544666881434	92	0.7540769984801748
1306	0.24308029892892793	0.007068236887772698	92	0.7569197010710721
1307	0.24269953326078939	0.006093037669179839	71	0.7573004667392106
1308	0.24440497495436028	0.012918056164608706	46	0.7555950250456397
1309	0.2986337760910816	0.01266423595135974	54	0.7013662239089185
1310	0.2389073446226067	0.008816971646618741	63	0.7610926553773933
1311	0.23473636878692772	0.0043429024658743695	99	0.7652636312130723
1312	0.272277849222551	0.004701861907413026	95	0.727722150777449
1313	0.23530329055639987	0.00860216219491038	99	0.7646967094436001
1314	0.23246274629711233	0.014605080792973771	81	0.7675372537028877
1315	0.25161164419903415	0.0019448348697788723	98	0.7483883558009659
1316	0.24440407564952288	0.010992428950891024	77	0.7555959243504771
1317	0.23227155408868944	0.007930916487216397	89	0.7677284459113105
1318	0.24933514393373923	0.0036130238350094396	42	0.7506648560662608
1319	0.2413739579305197	0.010558566905211245	53	0.7586260420694804
1320	0.23397735550419524	0.00671703391475664	76	0.7660226444958047
1321	0.22885977139671035	0.0076812369595171915	98	0.7711402286032897
1322	0.2421320719084148	0.004898156524183474	94	0.7578679280915852
1323	0.24535464086261322	0.006038838665719611	98	0.7546453591373867
1324	0.2438360747142459	0.0053705675807908	99	0.7561639252857542
1325	0.2646965295826326	0.005365872327245421	96	0.7353034704173673
1326	0.25749004019892624	0.003351267429344545	99	0.7425099598010738
1327	0.24459616716278315	0.003647699155021532	58	0.7554038328372168
1328	0.22715217137152982	0.005956101887940951	98	0.7728478286284701
1329	0.2345480543539844	0.004534482324035623	99	0.7654519456460156
1330	0.25559106810435533	0.011252432424986143	46	0.7444089318956446
1331	0.27626284881786384	0.011081051657688473	99	0.7237371511821362
1332	0.2347351097601554	0.008787914650046323	99	0.7652648902398446
1333	0.23663192352311663	0.01241353825606085	74	0.7633680764768833
1334	0.24137126001600762	0.005861916050034875	66	0.7586287399839924
1335	0.24137197945987748	0.009121841167900657	98	0.7586280205401226
1336	0.28289720046404127	0.011350985079365824	99	0.7171027995359587
1337	0.2491439517253163	0.007855740051432874	64	0.7508560482746837
1338	0.23909763752619226	0.009433352843601485	82	0.7609023624738077
1339	0.23796001690693092	0.0036594039492706103	55	0.7620399830930691
1340	0.2728476487675027	0.005154900349953051	99	0.7271523512324973
1341	0.23871669199708623	0.00835828543013712	57	0.7612833080029138
1342	0.2330296680665845	0.006172202631845961	91	0.7669703319334155
1343	0.24819788303641288	0.007822136882975263	62	0.7518021169635871
1344	0.24023399911868126	0.004648307092285622	91	0.7597660008813187
1345	0.24724875671106233	0.008888970638678368	64	0.7527512432889376
1346	0.23814761189600436	0.009924829751605645	99	0.7618523881039956
1347	0.2430785003192532	0.006444685564827002	94	0.7569214996807467
1348	0.2673478601041395	0.005120144919452087	98	0.7326521398958605
1349	0.2584380873584719	0.00732385395608031	98	0.741561912641528
1350	0.25104166479311496	0.006393980095956212	46	0.748958335206885
1351	0.25919530203152963	0.007427387857606634	99	0.7408046979684704
1352	0.24668111549772026	0.007962163918629285	62	0.7533188845022798
1353	0.23473564934305782	0.008532084792240583	98	0.7652643506569422
1354	0.2652638110740398	0.007137342699329471	95	0.7347361889259603
1355	0.24516380837612525	0.00837230053855833	70	0.7548361916238747
1356	0.24402636761783142	0.00903873421179525	62	0.7559736323821686
1357	0.23985539178215237	0.004123426655049932	81	0.7601446082178476
1358	0.2294295709416621	0.008261468485033957	93	0.770570429058338
1359	0.26393445866345316	0.01137411467086013	24	0.7360655413365469
1360	0.2372010036241985	0.005358745730000553	63	0.7627989963758015
1361	0.24061422520391734	0.007935659530642377	70	0.7593857747960826
1362	0.23549322373805048	0.009373618167354316	49	0.7645067762619495
1363	0.23833718535572004	0.007396837784852647	97	0.76166281464428
1364	0.23909799724812722	0.006204031001025499	95	0.7609020027518728
1365	0.24573216903333722	0.009800055708729114	65	0.7542678309666628
1366	0.23814869106180922	0.007377251041686777	56	0.7618513089381908
1367	0.23321780263856037	0.010327508409098745	77	0.7667821973614396
1368	0.23796073635080087	0.004729393108686022	94	0.7620392636491992
1369	0.23530544888800958	0.007526121708525237	94	0.7646945511119905
1370	0.23890788420550915	0.007169358101546601	77	0.7610921157944909
1371	0.23795983704596346	0.006259447071935952	62	0.7620401629540365
1372	0.24421809940915673	0.007199503114205916	98	0.7557819005908433
1373	0.2377697240033454	0.007718301805639742	68	0.7622302759966546
1374	0.24004298677122585	0.009872403413800319	74	0.7599570132287742
1375	0.23606068509042513	0.008225772301461237	63	0.7639393149095749
1376	0.23738985764004425	0.005498932442509607	98	0.7626101423599557
1377	0.23815102925438633	0.007783949929971523	94	0.7618489707456136
1378	0.24156245222443049	0.005606754861908222	52	0.7584375477755695
1379	0.2394762448627211	0.005934763781271986	98	0.7605237551372789
1380	0.25350935726683277	0.008601694316156679	91	0.7464906427331672
1381	0.2366312040792468	0.010011132191547475	99	0.7633687959207532
1382	0.22980530050271142	0.009189327409201864	99	0.7701946994972886
1383	0.23435650242362654	0.006441396804692921	95	0.7656434975763735
1384	0.23530436972220473	0.010352557859857637	88	0.7646956302777953
1385	0.2506626977346511	0.0050619027705958025	98	0.7493373022653489
1386	0.2385267588154357	0.007611255035974282	61	0.7614732411845643
1387	0.23644235006340097	0.005080718721671706	97	0.763557649936599
1388	0.2423198467584557	0.006895217796810821	75	0.7576801532415443
1389	0.25104040576634257	0.007888086430431556	79	0.7489595942336574
1390	0.2442155813556121	0.009901831163091243	66	0.7557844186443878
1391	0.2726575357248847	0.002274386418436123	99	0.7273424642751153
1392	0.2343563225626591	0.003895592015429969	74	0.765643677437341
1393	0.26222829752601245	0.006767510818779779	99	0.7377717024739876
1394	0.24156083347572324	0.008506926022521961	96	0.7584391665242768
1395	0.2305634144806065	0.008118021879754427	81	0.7694365855193935
1396	0.23359640997508926	0.0100787725747974	95	0.7664035900249108
1397	0.27208935492864017	0.008344637488520072	99	0.7279106450713598
1398	0.23795785857532126	0.007475927290086008	68	0.7620421414246787
1399	0.24800723041089237	0.007295460549579474	52	0.7519927695891077
